AY077832#1#AY077832.1_Sheeppox_virus_10700_99_TU_V02127_1970_sheep	AY077832#1#AY077832.1_Sheeppox_virus_10700_99_TU_V02127_1970_sheep	0	0	10000/10000
AY077833#1#AY077833.1_Sheeppox_virus_A_1987_sheep	AY077832#1#AY077832.1_Sheeppox_virus_10700_99_TU_V02127_1970_sheep	0.0012395	0	9499/10000
AY077834#1#AY077834.1_Sheeppox_virus_NISKHI_1994	AY077832#1#AY077832.1_Sheeppox_virus_10700_99_TU_V02127_1970_sheep	0.00122922	0	9503/10000
KT438550#1#KT438550.1_Sheeppox_virus_SPPV_GH_China_11_Apr_2013_Ovis_aries	AY077832#1#AY077832.1_Sheeppox_virus_10700_99_TU_V02127_1970_sheep	0.00125751	0	9492/10000
KT438551#1#KT438551.1_Sheeppox_virus_SPPV_GL_China_11_Apr_2013_Ovis_aries	AY077832#1#AY077832.1_Sheeppox_virus_10700_99_TU_V02127_1970_sheep	0.00124464	0	9497/10000
MN072626#1#MN072626.1_Sheeppox_virus_Abu_Gharib_Iraq_sheep	AY077832#1#AY077832.1_Sheeppox_virus_10700_99_TU_V02127_1970_sheep	0.00206713	0	9185/10000
MN072627#1#MN072627.1_Sheeppox_virus_Saudi_Arabia_vaccine_sheep	AY077832#1#AY077832.1_Sheeppox_virus_10700_99_TU_V02127_1970_sheep	0.00209959	0	9173/10000
MN072628#1#MN072628.1_Sheeppox_virus_Nigeria_sheep	AY077832#1#AY077832.1_Sheeppox_virus_10700_99_TU_V02127_1970_sheep	0.00152476	0	9389/10000
MN072629#1#MN072629.1_Sheeppox_virus_Pendik_sheep	AY077832#1#AY077832.1_Sheeppox_virus_10700_99_TU_V02127_1970_sheep	0.000473633	0	9804/10000
MN072630#1#MN072630.1_Sheeppox_virus_Saudi_Arabia_sheep	AY077832#1#AY077832.1_Sheeppox_virus_10700_99_TU_V02127_1970_sheep	0.00136337	0	9451/10000
MN072631#1#MN072631.1_Sheeppox_virus_Turkey_vaccine_sheep	AY077832#1#AY077832.1_Sheeppox_virus_10700_99_TU_V02127_1970_sheep	0.00124721	0	9496/10000
MT137384#1#MT137384.1_Sheeppox_virus_Srinagar_passage_40_vaccine_India_2000_sheep	AY077832#1#AY077832.1_Sheeppox_virus_10700_99_TU_V02127_1970_sheep	0.00132973	0	9464/10000
MW020571#1#MW020571.1_Sheeppox_virus_V104_sheep	AY077832#1#AY077832.1_Sheeppox_virus_10700_99_TU_V02127_1970_sheep	0.00130648	0	9473/10000
MW167070#1#MW167070.1_Sheeppox_virus_V123_IndiaSurankote_2013_sheep	AY077832#1#AY077832.1_Sheeppox_virus_10700_99_TU_V02127_1970_sheep	0.00139708	0	9438/10000
MW167071#1#MW167071.1_Sheeppox_virus_V293_Egypt_2018_sheep	AY077832#1#AY077832.1_Sheeppox_virus_10700_99_TU_V02127_1970_sheep	0.000439333	0	9818/10000
NC_004002#1#NC_004002.1_Sheeppox_virus_17077_99_1970_sheep	AY077832#1#AY077832.1_Sheeppox_virus_10700_99_TU_V02127_1970_sheep	0	0	10000/10000
ON961655#1#ON961655.1_Sheeppox_virus_Moscow_Russia_2018_ovine	AY077832#1#AY077832.1_Sheeppox_virus_10700_99_TU_V02127_1970_sheep	0.00141006	0	9433/10000
ON961656#1#ON961656.1_Sheeppox_virus_Moscow_Russia_2019_ovine	AY077832#1#AY077832.1_Sheeppox_virus_10700_99_TU_V02127_1970_sheep	0.0013841	0	9443/10000
ON961657#1#ON961657.1_Sheeppox_virus_Tula_Russia_2019_ovine	AY077832#1#AY077832.1_Sheeppox_virus_10700_99_TU_V02127_1970_sheep	0.00139189	0	9440/10000
OQ434235#1#OQ434235.1_Sheeppox_virus_SPPV_Amur_Russia_2018_Russia_2018_Ovine	AY077832#1#AY077832.1_Sheeppox_virus_10700_99_TU_V02127_1970_sheep	0.00124207	0	9498/10000
OQ434236#1#OQ434236.1_Sheeppox_virus_SPPV_Dagestan_Russia_2020_Russia_2020_Ovine	AY077832#1#AY077832.1_Sheeppox_virus_10700_99_TU_V02127_1970_sheep	0.00151691	0	9392/10000
OQ434237#1#OQ434237.1_Sheeppox_virus_SPPV_Kostroma_Russia_2020_Russia_2020_Ovine	AY077832#1#AY077832.1_Sheeppox_virus_10700_99_TU_V02127_1970_sheep	0.0013556	0	9454/10000
OQ434238#1#OQ434238.1_Sheeppox_virus_SPPV_Pskov_Russia_2019_Russia_2019_Ovine	AY077832#1#AY077832.1_Sheeppox_virus_10700_99_TU_V02127_1970_sheep	0.00135042	0	9456/10000
OQ434239#1#OQ434239.1_Sheeppox_virus_SPPV_Tver_Russia_2019_Russia_2019_Ovine	AY077832#1#AY077832.1_Sheeppox_virus_10700_99_TU_V02127_1970_sheep	0.00135819	0	9453/10000
OR239060#1#OR239060.1_Sheeppox_virus_V330_United_Arab_Emirates_2017_sheep	AY077832#1#AY077832.1_Sheeppox_virus_10700_99_TU_V02127_1970_sheep	0.000628892	0	9741/10000
AY077832#1#AY077832.1_Sheeppox_virus_10700_99_TU_V02127_1970_sheep	AY077833#1#AY077833.1_Sheeppox_virus_A_1987_sheep	0.0012395	0	9499/10000
AY077833#1#AY077833.1_Sheeppox_virus_A_1987_sheep	AY077833#1#AY077833.1_Sheeppox_virus_A_1987_sheep	0	0	10000/10000
AY077834#1#AY077834.1_Sheeppox_virus_NISKHI_1994	AY077833#1#AY077833.1_Sheeppox_virus_A_1987_sheep	0.000434439	0	9820/10000
KT438550#1#KT438550.1_Sheeppox_virus_SPPV_GH_China_11_Apr_2013_Ovis_aries	AY077833#1#AY077833.1_Sheeppox_virus_A_1987_sheep	0.000810681	0	9668/10000
KT438551#1#KT438551.1_Sheeppox_virus_SPPV_GL_China_11_Apr_2013_Ovis_aries	AY077833#1#AY077833.1_Sheeppox_virus_A_1987_sheep	0.000788158	0	9677/10000
MN072626#1#MN072626.1_Sheeppox_virus_Abu_Gharib_Iraq_sheep	AY077833#1#AY077833.1_Sheeppox_virus_A_1987_sheep	0.00202665	0	9200/10000
MN072627#1#MN072627.1_Sheeppox_virus_Saudi_Arabia_vaccine_sheep	AY077833#1#AY077833.1_Sheeppox_virus_A_1987_sheep	0.00203474	0	9197/10000
MN072628#1#MN072628.1_Sheeppox_virus_Nigeria_sheep	AY077833#1#AY077833.1_Sheeppox_virus_A_1987_sheep	0.00164289	0	9344/10000
MN072629#1#MN072629.1_Sheeppox_virus_Pendik_sheep	AY077833#1#AY077833.1_Sheeppox_virus_A_1987_sheep	0.00122922	0	9503/10000
MN072630#1#MN072630.1_Sheeppox_virus_Saudi_Arabia_sheep	AY077833#1#AY077833.1_Sheeppox_virus_A_1987_sheep	0.000493266	0	9796/10000
MN072631#1#MN072631.1_Sheeppox_virus_Turkey_vaccine_sheep	AY077833#1#AY077833.1_Sheeppox_virus_A_1987_sheep	0.000336872	0	9860/10000
MT137384#1#MT137384.1_Sheeppox_virus_Srinagar_passage_40_vaccine_India_2000_sheep	AY077833#1#AY077833.1_Sheeppox_virus_A_1987_sheep	0.00030529	0	9873/10000
MW020571#1#MW020571.1_Sheeppox_virus_V104_sheep	AY077833#1#AY077833.1_Sheeppox_virus_A_1987_sheep	0.000431993	0	9821/10000
MW167070#1#MW167070.1_Sheeppox_virus_V123_IndiaSurankote_2013_sheep	AY077833#1#AY077833.1_Sheeppox_virus_A_1987_sheep	0.000483446	0	9800/10000
MW167071#1#MW167071.1_Sheeppox_virus_V293_Egypt_2018_sheep	AY077833#1#AY077833.1_Sheeppox_virus_A_1987_sheep	0.001291	0	9479/10000
NC_004002#1#NC_004002.1_Sheeppox_virus_17077_99_1970_sheep	AY077833#1#AY077833.1_Sheeppox_virus_A_1987_sheep	0.0012395	0	9499/10000
ON961655#1#ON961655.1_Sheeppox_virus_Moscow_Russia_2018_ovine	AY077833#1#AY077833.1_Sheeppox_virus_A_1987_sheep	0.000370953	0	9846/10000
ON961656#1#ON961656.1_Sheeppox_virus_Moscow_Russia_2019_ovine	AY077833#1#AY077833.1_Sheeppox_virus_A_1987_sheep	0.000405107	0	9832/10000
ON961657#1#ON961657.1_Sheeppox_virus_Tula_Russia_2019_ovine	AY077833#1#AY077833.1_Sheeppox_virus_A_1987_sheep	0.000427101	0	9823/10000
OQ434235#1#OQ434235.1_Sheeppox_virus_SPPV_Amur_Russia_2018_Russia_2018_Ovine	AY077833#1#AY077833.1_Sheeppox_virus_A_1987_sheep	0.000860844	0	9648/10000
OQ434236#1#OQ434236.1_Sheeppox_virus_SPPV_Dagestan_Russia_2020_Russia_2020_Ovine	AY077833#1#AY077833.1_Sheeppox_virus_A_1987_sheep	0.000611567	0	9748/10000
OQ434237#1#OQ434237.1_Sheeppox_virus_SPPV_Kostroma_Russia_2020_Russia_2020_Ovine	AY077833#1#AY077833.1_Sheeppox_virus_A_1987_sheep	0.000444229	0	9816/10000
OQ434238#1#OQ434238.1_Sheeppox_virus_SPPV_Pskov_Russia_2019_Russia_2019_Ovine	AY077833#1#AY077833.1_Sheeppox_virus_A_1987_sheep	0.000444229	0	9816/10000
OQ434239#1#OQ434239.1_Sheeppox_virus_SPPV_Tver_Russia_2019_Russia_2019_Ovine	AY077833#1#AY077833.1_Sheeppox_virus_A_1987_sheep	0.000446677	0	9815/10000
OR239060#1#OR239060.1_Sheeppox_virus_V330_United_Arab_Emirates_2017_sheep	AY077833#1#AY077833.1_Sheeppox_virus_A_1987_sheep	0.00131164	0	9471/10000
AY077832#1#AY077832.1_Sheeppox_virus_10700_99_TU_V02127_1970_sheep	AY077834#1#AY077834.1_Sheeppox_virus_NISKHI_1994	0.00122922	0	9503/10000
AY077833#1#AY077833.1_Sheeppox_virus_A_1987_sheep	AY077834#1#AY077834.1_Sheeppox_virus_NISKHI_1994	0.000434439	0	9820/10000
AY077834#1#AY077834.1_Sheeppox_virus_NISKHI_1994	AY077834#1#AY077834.1_Sheeppox_virus_NISKHI_1994	0	0	10000/10000
KT438550#1#KT438550.1_Sheeppox_virus_SPPV_GH_China_11_Apr_2013_Ovis_aries	AY077834#1#AY077834.1_Sheeppox_virus_NISKHI_1994	0.000880953	0	9640/10000
KT438551#1#KT438551.1_Sheeppox_virus_SPPV_GL_China_11_Apr_2013_Ovis_aries	AY077834#1#AY077834.1_Sheeppox_virus_NISKHI_1994	0.000868382	0	9645/10000
MN072626#1#MN072626.1_Sheeppox_virus_Abu_Gharib_Iraq_sheep	AY077834#1#AY077834.1_Sheeppox_virus_NISKHI_1994	0.00208065	0	9180/10000
MN072627#1#MN072627.1_Sheeppox_virus_Saudi_Arabia_vaccine_sheep	AY077834#1#AY077834.1_Sheeppox_virus_NISKHI_1994	0.00209418	0	9175/10000
MN072628#1#MN072628.1_Sheeppox_virus_Nigeria_sheep	AY077834#1#AY077834.1_Sheeppox_virus_NISKHI_1994	0.00165607	0	9339/10000
MN072629#1#MN072629.1_Sheeppox_virus_Pendik_sheep	AY077834#1#AY077834.1_Sheeppox_virus_NISKHI_1994	0.00131164	0	9471/10000
MN072630#1#MN072630.1_Sheeppox_virus_Saudi_Arabia_sheep	AY077834#1#AY077834.1_Sheeppox_virus_NISKHI_1994	0.000554772	0	9771/10000
MN072631#1#MN072631.1_Sheeppox_virus_Turkey_vaccine_sheep	AY077834#1#AY077834.1_Sheeppox_virus_NISKHI_1994	0.000400223	0	9834/10000
MT137384#1#MT137384.1_Sheeppox_virus_Srinagar_passage_40_vaccine_India_2000_sheep	AY077834#1#AY077834.1_Sheeppox_virus_NISKHI_1994	0.000488355	0	9798/10000
MW020571#1#MW020571.1_Sheeppox_virus_V104_sheep	AY077834#1#AY077834.1_Sheeppox_virus_NISKHI_1994	0.000105109	0	9956/10000
MW167070#1#MW167070.1_Sheeppox_virus_V123_IndiaSurankote_2013_sheep	AY077834#1#AY077834.1_Sheeppox_virus_NISKHI_1994	0.000329578	0	9863/10000
MW167071#1#MW167071.1_Sheeppox_virus_V293_Egypt_2018_sheep	AY077834#1#AY077834.1_Sheeppox_virus_NISKHI_1994	0.00137114	0	9448/10000
NC_004002#1#NC_004002.1_Sheeppox_virus_17077_99_1970_sheep	AY077834#1#AY077834.1_Sheeppox_virus_NISKHI_1994	0.00122922	0	9503/10000
ON961655#1#ON961655.1_Sheeppox_virus_Moscow_Russia_2018_ovine	AY077834#1#AY077834.1_Sheeppox_virus_NISKHI_1994	0.00058191	0	9760/10000
ON961656#1#ON961656.1_Sheeppox_virus_Moscow_Russia_2019_ovine	AY077834#1#AY077834.1_Sheeppox_virus_NISKHI_1994	0.00052522	0	9783/10000
ON961657#1#ON961657.1_Sheeppox_virus_Tula_Russia_2019_ovine	AY077834#1#AY077834.1_Sheeppox_virus_NISKHI_1994	0.000547379	0	9774/10000
OQ434235#1#OQ434235.1_Sheeppox_virus_SPPV_Amur_Russia_2018_Russia_2018_Ovine	AY077834#1#AY077834.1_Sheeppox_virus_NISKHI_1994	0.000830728	0	9660/10000
OQ434236#1#OQ434236.1_Sheeppox_virus_SPPV_Dagestan_Russia_2020_Russia_2020_Ovine	AY077834#1#AY077834.1_Sheeppox_virus_NISKHI_1994	0.000658635	0	9729/10000
OQ434237#1#OQ434237.1_Sheeppox_virus_SPPV_Kostroma_Russia_2020_Russia_2020_Ovine	AY077834#1#AY077834.1_Sheeppox_virus_NISKHI_1994	0.000495721	0	9795/10000
OQ434238#1#OQ434238.1_Sheeppox_virus_SPPV_Pskov_Russia_2019_Russia_2019_Ovine	AY077834#1#AY077834.1_Sheeppox_virus_NISKHI_1994	0.000503091	0	9792/10000
OQ434239#1#OQ434239.1_Sheeppox_virus_SPPV_Tver_Russia_2019_Russia_2019_Ovine	AY077834#1#AY077834.1_Sheeppox_virus_NISKHI_1994	0.000508006	0	9790/10000
OR239060#1#OR239060.1_Sheeppox_virus_V330_United_Arab_Emirates_2017_sheep	AY077834#1#AY077834.1_Sheeppox_virus_NISKHI_1994	0.00137114	0	9448/10000
AY077832#1#AY077832.1_Sheeppox_virus_10700_99_TU_V02127_1970_sheep	KT438550#1#KT438550.1_Sheeppox_virus_SPPV_GH_China_11_Apr_2013_Ovis_aries	0.00125751	0	9492/10000
AY077833#1#AY077833.1_Sheeppox_virus_A_1987_sheep	KT438550#1#KT438550.1_Sheeppox_virus_SPPV_GH_China_11_Apr_2013_Ovis_aries	0.000810681	0	9668/10000
AY077834#1#AY077834.1_Sheeppox_virus_NISKHI_1994	KT438550#1#KT438550.1_Sheeppox_virus_SPPV_GH_China_11_Apr_2013_Ovis_aries	0.000880953	0	9640/10000
KT438550#1#KT438550.1_Sheeppox_virus_SPPV_GH_China_11_Apr_2013_Ovis_aries	KT438550#1#KT438550.1_Sheeppox_virus_SPPV_GH_China_11_Apr_2013_Ovis_aries	0	0	10000/10000
KT438551#1#KT438551.1_Sheeppox_virus_SPPV_GL_China_11_Apr_2013_Ovis_aries	KT438550#1#KT438550.1_Sheeppox_virus_SPPV_GH_China_11_Apr_2013_Ovis_aries	3.57545e-05	0	9985/10000
MN072626#1#MN072626.1_Sheeppox_virus_Abu_Gharib_Iraq_sheep	KT438550#1#KT438550.1_Sheeppox_virus_SPPV_GH_China_11_Apr_2013_Ovis_aries	0.00202665	0	9200/10000
MN072627#1#MN072627.1_Sheeppox_virus_Saudi_Arabia_vaccine_sheep	KT438550#1#KT438550.1_Sheeppox_virus_SPPV_GH_China_11_Apr_2013_Ovis_aries	0.00201317	0	9205/10000
MN072628#1#MN072628.1_Sheeppox_virus_Nigeria_sheep	KT438550#1#KT438550.1_Sheeppox_virus_SPPV_GH_China_11_Apr_2013_Ovis_aries	0.00167189	0	9333/10000
MN072629#1#MN072629.1_Sheeppox_virus_Pendik_sheep	KT438550#1#KT438550.1_Sheeppox_virus_SPPV_GH_China_11_Apr_2013_Ovis_aries	0.00127295	0	9486/10000
MN072630#1#MN072630.1_Sheeppox_virus_Saudi_Arabia_sheep	KT438550#1#KT438550.1_Sheeppox_virus_SPPV_GH_China_11_Apr_2013_Ovis_aries	0.000928811	0	9621/10000
MN072631#1#MN072631.1_Sheeppox_virus_Turkey_vaccine_sheep	KT438550#1#KT438550.1_Sheeppox_virus_SPPV_GH_China_11_Apr_2013_Ovis_aries	0.000780658	0	9680/10000
MT137384#1#MT137384.1_Sheeppox_virus_Srinagar_passage_40_vaccine_India_2000_sheep	KT438550#1#KT438550.1_Sheeppox_virus_SPPV_GH_China_11_Apr_2013_Ovis_aries	0.000840761	0	9656/10000
MW020571#1#MW020571.1_Sheeppox_virus_V104_sheep	KT438550#1#KT438550.1_Sheeppox_virus_SPPV_GH_China_11_Apr_2013_Ovis_aries	0.000870896	0	9644/10000
MW167070#1#MW167070.1_Sheeppox_virus_V123_IndiaSurankote_2013_sheep	KT438550#1#KT438550.1_Sheeppox_virus_SPPV_GH_China_11_Apr_2013_Ovis_aries	0.000928811	0	9621/10000
MW167071#1#MW167071.1_Sheeppox_virus_V293_Egypt_2018_sheep	KT438550#1#KT438550.1_Sheeppox_virus_SPPV_GH_China_11_Apr_2013_Ovis_aries	0.00129874	0	9476/10000
NC_004002#1#NC_004002.1_Sheeppox_virus_17077_99_1970_sheep	KT438550#1#KT438550.1_Sheeppox_virus_SPPV_GH_China_11_Apr_2013_Ovis_aries	0.00125751	0	9492/10000
ON961655#1#ON961655.1_Sheeppox_virus_Moscow_Russia_2018_ovine	KT438550#1#KT438550.1_Sheeppox_virus_SPPV_GH_China_11_Apr_2013_Ovis_aries	0.00097934	0	9601/10000
ON961656#1#ON961656.1_Sheeppox_virus_Moscow_Russia_2019_ovine	KT438550#1#KT438550.1_Sheeppox_virus_SPPV_GH_China_11_Apr_2013_Ovis_aries	0.0010148	0	9587/10000
ON961657#1#ON961657.1_Sheeppox_virus_Tula_Russia_2019_ovine	KT438550#1#KT438550.1_Sheeppox_virus_SPPV_GH_China_11_Apr_2013_Ovis_aries	0.00103764	0	9578/10000
OQ434235#1#OQ434235.1_Sheeppox_virus_SPPV_Amur_Russia_2018_Russia_2018_Ovine	KT438550#1#KT438550.1_Sheeppox_virus_SPPV_GH_China_11_Apr_2013_Ovis_aries	0.000150712	0	9937/10000
OQ434236#1#OQ434236.1_Sheeppox_virus_SPPV_Dagestan_Russia_2020_Russia_2020_Ovine	KT438550#1#KT438550.1_Sheeppox_virus_SPPV_GH_China_11_Apr_2013_Ovis_aries	0.00118816	0	9519/10000
OQ434237#1#OQ434237.1_Sheeppox_virus_SPPV_Kostroma_Russia_2020_Russia_2020_Ovine	KT438550#1#KT438550.1_Sheeppox_virus_SPPV_GH_China_11_Apr_2013_Ovis_aries	0.00099453	0	9595/10000
OQ434238#1#OQ434238.1_Sheeppox_virus_SPPV_Pskov_Russia_2019_Russia_2019_Ovine	KT438550#1#KT438550.1_Sheeppox_virus_SPPV_GH_China_11_Apr_2013_Ovis_aries	0.000999596	0	9593/10000
OQ434239#1#OQ434239.1_Sheeppox_virus_SPPV_Tver_Russia_2019_Russia_2019_Ovine	KT438550#1#KT438550.1_Sheeppox_virus_SPPV_GH_China_11_Apr_2013_Ovis_aries	0.0010072	0	9590/10000
OR239060#1#OR239060.1_Sheeppox_virus_V330_United_Arab_Emirates_2017_sheep	KT438550#1#KT438550.1_Sheeppox_virus_SPPV_GH_China_11_Apr_2013_Ovis_aries	0.00132456	0	9466/10000
AY077832#1#AY077832.1_Sheeppox_virus_10700_99_TU_V02127_1970_sheep	KT438551#1#KT438551.1_Sheeppox_virus_SPPV_GL_China_11_Apr_2013_Ovis_aries	0.00124464	0	9497/10000
AY077833#1#AY077833.1_Sheeppox_virus_A_1987_sheep	KT438551#1#KT438551.1_Sheeppox_virus_SPPV_GL_China_11_Apr_2013_Ovis_aries	0.000788158	0	9677/10000
AY077834#1#AY077834.1_Sheeppox_virus_NISKHI_1994	KT438551#1#KT438551.1_Sheeppox_virus_SPPV_GL_China_11_Apr_2013_Ovis_aries	0.000868382	0	9645/10000
KT438550#1#KT438550.1_Sheeppox_virus_SPPV_GH_China_11_Apr_2013_Ovis_aries	KT438551#1#KT438551.1_Sheeppox_virus_SPPV_GL_China_11_Apr_2013_Ovis_aries	3.57545e-05	0	9985/10000
KT438551#1#KT438551.1_Sheeppox_virus_SPPV_GL_China_11_Apr_2013_Ovis_aries	KT438551#1#KT438551.1_Sheeppox_virus_SPPV_GL_China_11_Apr_2013_Ovis_aries	0	0	10000/10000
MN072626#1#MN072626.1_Sheeppox_virus_Abu_Gharib_Iraq_sheep	KT438551#1#KT438551.1_Sheeppox_virus_SPPV_GL_China_11_Apr_2013_Ovis_aries	0.0020024	0	9209/10000
MN072627#1#MN072627.1_Sheeppox_virus_Saudi_Arabia_vaccine_sheep	KT438551#1#KT438551.1_Sheeppox_virus_SPPV_GL_China_11_Apr_2013_Ovis_aries	0.00198895	0	9214/10000
MN072628#1#MN072628.1_Sheeppox_virus_Nigeria_sheep	KT438551#1#KT438551.1_Sheeppox_virus_SPPV_GL_China_11_Apr_2013_Ovis_aries	0.0016587	0	9338/10000
MN072629#1#MN072629.1_Sheeppox_virus_Pendik_sheep	KT438551#1#KT438551.1_Sheeppox_virus_SPPV_GL_China_11_Apr_2013_Ovis_aries	0.00126008	0	9491/10000
MN072630#1#MN072630.1_Sheeppox_virus_Saudi_Arabia_sheep	KT438551#1#KT438551.1_Sheeppox_virus_SPPV_GL_China_11_Apr_2013_Ovis_aries	0.000906124	0	9630/10000
MN072631#1#MN072631.1_Sheeppox_virus_Turkey_vaccine_sheep	KT438551#1#KT438551.1_Sheeppox_virus_SPPV_GL_China_11_Apr_2013_Ovis_aries	0.000753185	0	9691/10000
MT137384#1#MT137384.1_Sheeppox_virus_Srinagar_passage_40_vaccine_India_2000_sheep	KT438551#1#KT438551.1_Sheeppox_virus_SPPV_GL_China_11_Apr_2013_Ovis_aries	0.000818196	0	9665/10000
MW020571#1#MW020571.1_Sheeppox_virus_V104_sheep	KT438551#1#KT438551.1_Sheeppox_virus_SPPV_GL_China_11_Apr_2013_Ovis_aries	0.000858333	0	9649/10000
MW167070#1#MW167070.1_Sheeppox_virus_V123_IndiaSurankote_2013_sheep	KT438551#1#KT438551.1_Sheeppox_virus_SPPV_GL_China_11_Apr_2013_Ovis_aries	0.000906124	0	9630/10000
MW167071#1#MW167071.1_Sheeppox_virus_V293_Egypt_2018_sheep	KT438551#1#KT438551.1_Sheeppox_virus_SPPV_GL_China_11_Apr_2013_Ovis_aries	0.00128584	0	9481/10000
NC_004002#1#NC_004002.1_Sheeppox_virus_17077_99_1970_sheep	KT438551#1#KT438551.1_Sheeppox_virus_SPPV_GL_China_11_Apr_2013_Ovis_aries	0.00124464	0	9497/10000
ON961655#1#ON961655.1_Sheeppox_virus_Moscow_Russia_2018_ovine	KT438551#1#KT438551.1_Sheeppox_virus_SPPV_GL_China_11_Apr_2013_Ovis_aries	0.000946478	0	9614/10000
ON961656#1#ON961656.1_Sheeppox_virus_Moscow_Russia_2019_ovine	KT438551#1#KT438551.1_Sheeppox_virus_SPPV_GL_China_11_Apr_2013_Ovis_aries	0.000981871	0	9600/10000
ON961657#1#ON961657.1_Sheeppox_virus_Tula_Russia_2019_ovine	KT438551#1#KT438551.1_Sheeppox_virus_SPPV_GL_China_11_Apr_2013_Ovis_aries	0.00100466	0	9591/10000
OQ434235#1#OQ434235.1_Sheeppox_virus_SPPV_Amur_Russia_2018_Russia_2018_Ovine	KT438551#1#KT438551.1_Sheeppox_virus_SPPV_GL_China_11_Apr_2013_Ovis_aries	0.000124294	0	9948/10000
OQ434236#1#OQ434236.1_Sheeppox_virus_SPPV_Dagestan_Russia_2020_Russia_2020_Ovine	KT438551#1#KT438551.1_Sheeppox_virus_SPPV_GL_China_11_Apr_2013_Ovis_aries	0.00115743	0	9531/10000
OQ434237#1#OQ434237.1_Sheeppox_virus_SPPV_Kostroma_Russia_2020_Russia_2020_Ovine	KT438551#1#KT438551.1_Sheeppox_virus_SPPV_GL_China_11_Apr_2013_Ovis_aries	0.000961637	0	9608/10000
OQ434238#1#OQ434238.1_Sheeppox_virus_SPPV_Pskov_Russia_2019_Russia_2019_Ovine	KT438551#1#KT438551.1_Sheeppox_virus_SPPV_GL_China_11_Apr_2013_Ovis_aries	0.000966693	0	9606/10000
OQ434239#1#OQ434239.1_Sheeppox_virus_SPPV_Tver_Russia_2019_Russia_2019_Ovine	KT438551#1#KT438551.1_Sheeppox_virus_SPPV_GL_China_11_Apr_2013_Ovis_aries	0.00097428	0	9603/10000
OR239060#1#OR239060.1_Sheeppox_virus_V330_United_Arab_Emirates_2017_sheep	KT438551#1#KT438551.1_Sheeppox_virus_SPPV_GL_China_11_Apr_2013_Ovis_aries	0.00131164	0	9471/10000
AY077832#1#AY077832.1_Sheeppox_virus_10700_99_TU_V02127_1970_sheep	MN072626#1#MN072626.1_Sheeppox_virus_Abu_Gharib_Iraq_sheep	0.00206713	0	9185/10000
AY077833#1#AY077833.1_Sheeppox_virus_A_1987_sheep	MN072626#1#MN072626.1_Sheeppox_virus_Abu_Gharib_Iraq_sheep	0.00202665	0	9200/10000
AY077834#1#AY077834.1_Sheeppox_virus_NISKHI_1994	MN072626#1#MN072626.1_Sheeppox_virus_Abu_Gharib_Iraq_sheep	0.00208065	0	9180/10000
KT438550#1#KT438550.1_Sheeppox_virus_SPPV_GH_China_11_Apr_2013_Ovis_aries	MN072626#1#MN072626.1_Sheeppox_virus_Abu_Gharib_Iraq_sheep	0.00202665	0	9200/10000
KT438551#1#KT438551.1_Sheeppox_virus_SPPV_GL_China_11_Apr_2013_Ovis_aries	MN072626#1#MN072626.1_Sheeppox_virus_Abu_Gharib_Iraq_sheep	0.0020024	0	9209/10000
MN072626#1#MN072626.1_Sheeppox_virus_Abu_Gharib_Iraq_sheep	MN072626#1#MN072626.1_Sheeppox_virus_Abu_Gharib_Iraq_sheep	0	0	10000/10000
MN072627#1#MN072627.1_Sheeppox_virus_Saudi_Arabia_vaccine_sheep	MN072626#1#MN072626.1_Sheeppox_virus_Abu_Gharib_Iraq_sheep	0.000596732	0	9754/10000
MN072628#1#MN072628.1_Sheeppox_virus_Nigeria_sheep	MN072626#1#MN072626.1_Sheeppox_virus_Abu_Gharib_Iraq_sheep	0.00211585	0	9167/10000
MN072629#1#MN072629.1_Sheeppox_virus_Pendik_sheep	MN072626#1#MN072626.1_Sheeppox_virus_Abu_Gharib_Iraq_sheep	0.0021783	0	9144/10000
MN072630#1#MN072630.1_Sheeppox_virus_Saudi_Arabia_sheep	MN072626#1#MN072626.1_Sheeppox_virus_Abu_Gharib_Iraq_sheep	0.0021783	0	9144/10000
MN072631#1#MN072631.1_Sheeppox_virus_Turkey_vaccine_sheep	MN072626#1#MN072626.1_Sheeppox_virus_Abu_Gharib_Iraq_sheep	0.00204553	0	9193/10000
MT137384#1#MT137384.1_Sheeppox_virus_Srinagar_passage_40_vaccine_India_2000_sheep	MN072626#1#MN072626.1_Sheeppox_virus_Abu_Gharib_Iraq_sheep	0.00207795	0	9181/10000
MW020571#1#MW020571.1_Sheeppox_virus_V104_sheep	MN072626#1#MN072626.1_Sheeppox_virus_Abu_Gharib_Iraq_sheep	0.00215655	0	9152/10000
MW167070#1#MW167070.1_Sheeppox_virus_V123_IndiaSurankote_2013_sheep	MN072626#1#MN072626.1_Sheeppox_virus_Abu_Gharib_Iraq_sheep	0.0022137	0	9131/10000
MW167071#1#MW167071.1_Sheeppox_virus_V293_Egypt_2018_sheep	MN072626#1#MN072626.1_Sheeppox_virus_Abu_Gharib_Iraq_sheep	0.00225191	0	9117/10000
NC_004002#1#NC_004002.1_Sheeppox_virus_17077_99_1970_sheep	MN072626#1#MN072626.1_Sheeppox_virus_Abu_Gharib_Iraq_sheep	0.00206713	0	9185/10000
ON961655#1#ON961655.1_Sheeppox_virus_Moscow_Russia_2018_ovine	MN072626#1#MN072626.1_Sheeppox_virus_Abu_Gharib_Iraq_sheep	0.00212669	0	9163/10000
ON961656#1#ON961656.1_Sheeppox_virus_Moscow_Russia_2019_ovine	MN072626#1#MN072626.1_Sheeppox_virus_Abu_Gharib_Iraq_sheep	0.00212398	0	9164/10000
ON961657#1#ON961657.1_Sheeppox_virus_Tula_Russia_2019_ovine	MN072626#1#MN072626.1_Sheeppox_virus_Abu_Gharib_Iraq_sheep	0.00212669	0	9163/10000
OQ434235#1#OQ434235.1_Sheeppox_virus_SPPV_Amur_Russia_2018_Russia_2018_Ovine	MN072626#1#MN072626.1_Sheeppox_virus_Abu_Gharib_Iraq_sheep	0.00199433	0	9212/10000
OQ434236#1#OQ434236.1_Sheeppox_virus_SPPV_Dagestan_Russia_2020_Russia_2020_Ovine	MN072626#1#MN072626.1_Sheeppox_virus_Abu_Gharib_Iraq_sheep	0.00228746	0	9104/10000
OQ434237#1#OQ434237.1_Sheeppox_virus_SPPV_Kostroma_Russia_2020_Russia_2020_Ovine	MN072626#1#MN072626.1_Sheeppox_virus_Abu_Gharib_Iraq_sheep	0.00211043	0	9169/10000
OQ434238#1#OQ434238.1_Sheeppox_virus_SPPV_Pskov_Russia_2019_Russia_2019_Ovine	MN072626#1#MN072626.1_Sheeppox_virus_Abu_Gharib_Iraq_sheep	0.00210772	0	9170/10000
OQ434239#1#OQ434239.1_Sheeppox_virus_SPPV_Tver_Russia_2019_Russia_2019_Ovine	MN072626#1#MN072626.1_Sheeppox_virus_Abu_Gharib_Iraq_sheep	0.00211043	0	9169/10000
OR239060#1#OR239060.1_Sheeppox_virus_V330_United_Arab_Emirates_2017_sheep	MN072626#1#MN072626.1_Sheeppox_virus_Abu_Gharib_Iraq_sheep	0.00222461	0	9127/10000
AY077832#1#AY077832.1_Sheeppox_virus_10700_99_TU_V02127_1970_sheep	MN072627#1#MN072627.1_Sheeppox_virus_Saudi_Arabia_vaccine_sheep	0.00209959	0	9173/10000
AY077833#1#AY077833.1_Sheeppox_virus_A_1987_sheep	MN072627#1#MN072627.1_Sheeppox_virus_Saudi_Arabia_vaccine_sheep	0.00203474	0	9197/10000
AY077834#1#AY077834.1_Sheeppox_virus_NISKHI_1994	MN072627#1#MN072627.1_Sheeppox_virus_Saudi_Arabia_vaccine_sheep	0.00209418	0	9175/10000
KT438550#1#KT438550.1_Sheeppox_virus_SPPV_GH_China_11_Apr_2013_Ovis_aries	MN072627#1#MN072627.1_Sheeppox_virus_Saudi_Arabia_vaccine_sheep	0.00201317	0	9205/10000
KT438551#1#KT438551.1_Sheeppox_virus_SPPV_GL_China_11_Apr_2013_Ovis_aries	MN072627#1#MN072627.1_Sheeppox_virus_Saudi_Arabia_vaccine_sheep	0.00198895	0	9214/10000
MN072626#1#MN072626.1_Sheeppox_virus_Abu_Gharib_Iraq_sheep	MN072627#1#MN072627.1_Sheeppox_virus_Saudi_Arabia_vaccine_sheep	0.000596732	0	9754/10000
MN072627#1#MN072627.1_Sheeppox_virus_Saudi_Arabia_vaccine_sheep	MN072627#1#MN072627.1_Sheeppox_virus_Saudi_Arabia_vaccine_sheep	0	0	10000/10000
MN072628#1#MN072628.1_Sheeppox_virus_Nigeria_sheep	MN072627#1#MN072627.1_Sheeppox_virus_Saudi_Arabia_vaccine_sheep	0.0022137	0	9131/10000
MN072629#1#MN072629.1_Sheeppox_virus_Pendik_sheep	MN072627#1#MN072627.1_Sheeppox_virus_Saudi_Arabia_vaccine_sheep	0.00220552	0	9134/10000
MN072630#1#MN072630.1_Sheeppox_virus_Saudi_Arabia_sheep	MN072627#1#MN072627.1_Sheeppox_virus_Saudi_Arabia_vaccine_sheep	0.0021647	0	9149/10000
MN072631#1#MN072631.1_Sheeppox_virus_Turkey_vaccine_sheep	MN072627#1#MN072627.1_Sheeppox_virus_Saudi_Arabia_vaccine_sheep	0.00205093	0	9191/10000
MT137384#1#MT137384.1_Sheeppox_virus_Srinagar_passage_40_vaccine_India_2000_sheep	MN072627#1#MN072627.1_Sheeppox_virus_Saudi_Arabia_vaccine_sheep	0.00204553	0	9193/10000
MW020571#1#MW020571.1_Sheeppox_virus_V104_sheep	MN072627#1#MN072627.1_Sheeppox_virus_Saudi_Arabia_vaccine_sheep	0.00217014	0	9147/10000
MW167070#1#MW167070.1_Sheeppox_virus_V123_IndiaSurankote_2013_sheep	MN072627#1#MN072627.1_Sheeppox_virus_Saudi_Arabia_vaccine_sheep	0.00220552	0	9134/10000
MW167071#1#MW167071.1_Sheeppox_virus_V293_Egypt_2018_sheep	MN072627#1#MN072627.1_Sheeppox_virus_Saudi_Arabia_vaccine_sheep	0.00226557	0	9112/10000
NC_004002#1#NC_004002.1_Sheeppox_virus_17077_99_1970_sheep	MN072627#1#MN072627.1_Sheeppox_virus_Saudi_Arabia_vaccine_sheep	0.00209959	0	9173/10000
ON961655#1#ON961655.1_Sheeppox_virus_Moscow_Russia_2018_ovine	MN072627#1#MN072627.1_Sheeppox_virus_Saudi_Arabia_vaccine_sheep	0.00214297	0	9157/10000
ON961656#1#ON961656.1_Sheeppox_virus_Moscow_Russia_2019_ovine	MN072627#1#MN072627.1_Sheeppox_virus_Saudi_Arabia_vaccine_sheep	0.00214569	0	9156/10000
ON961657#1#ON961657.1_Sheeppox_virus_Tula_Russia_2019_ovine	MN072627#1#MN072627.1_Sheeppox_virus_Saudi_Arabia_vaccine_sheep	0.00214026	0	9158/10000
OQ434235#1#OQ434235.1_Sheeppox_virus_SPPV_Amur_Russia_2018_Russia_2018_Ovine	MN072627#1#MN072627.1_Sheeppox_virus_Saudi_Arabia_vaccine_sheep	0.00199164	0	9213/10000
OQ434236#1#OQ434236.1_Sheeppox_virus_SPPV_Dagestan_Russia_2020_Russia_2020_Ovine	MN072627#1#MN072627.1_Sheeppox_virus_Saudi_Arabia_vaccine_sheep	0.00229568	0	9101/10000
OQ434237#1#OQ434237.1_Sheeppox_virus_SPPV_Kostroma_Russia_2020_Russia_2020_Ovine	MN072627#1#MN072627.1_Sheeppox_virus_Saudi_Arabia_vaccine_sheep	0.0021294	0	9162/10000
OQ434238#1#OQ434238.1_Sheeppox_virus_SPPV_Pskov_Russia_2019_Russia_2019_Ovine	MN072627#1#MN072627.1_Sheeppox_virus_Saudi_Arabia_vaccine_sheep	0.00211856	0	9166/10000
OQ434239#1#OQ434239.1_Sheeppox_virus_SPPV_Tver_Russia_2019_Russia_2019_Ovine	MN072627#1#MN072627.1_Sheeppox_virus_Saudi_Arabia_vaccine_sheep	0.00212127	0	9165/10000
OR239060#1#OR239060.1_Sheeppox_virus_V330_United_Arab_Emirates_2017_sheep	MN072627#1#MN072627.1_Sheeppox_virus_Saudi_Arabia_vaccine_sheep	0.00224644	0	9119/10000
AY077832#1#AY077832.1_Sheeppox_virus_10700_99_TU_V02127_1970_sheep	MN072628#1#MN072628.1_Sheeppox_virus_Nigeria_sheep	0.00152476	0	9389/10000
AY077833#1#AY077833.1_Sheeppox_virus_A_1987_sheep	MN072628#1#MN072628.1_Sheeppox_virus_Nigeria_sheep	0.00164289	0	9344/10000
AY077834#1#AY077834.1_Sheeppox_virus_NISKHI_1994	MN072628#1#MN072628.1_Sheeppox_virus_Nigeria_sheep	0.00165607	0	9339/10000
KT438550#1#KT438550.1_Sheeppox_virus_SPPV_GH_China_11_Apr_2013_Ovis_aries	MN072628#1#MN072628.1_Sheeppox_virus_Nigeria_sheep	0.00167189	0	9333/10000
KT438551#1#KT438551.1_Sheeppox_virus_SPPV_GL_China_11_Apr_2013_Ovis_aries	MN072628#1#MN072628.1_Sheeppox_virus_Nigeria_sheep	0.0016587	0	9338/10000
MN072626#1#MN072626.1_Sheeppox_virus_Abu_Gharib_Iraq_sheep	MN072628#1#MN072628.1_Sheeppox_virus_Nigeria_sheep	0.00211585	0	9167/10000
MN072627#1#MN072627.1_Sheeppox_virus_Saudi_Arabia_vaccine_sheep	MN072628#1#MN072628.1_Sheeppox_virus_Nigeria_sheep	0.0022137	0	9131/10000
MN072628#1#MN072628.1_Sheeppox_virus_Nigeria_sheep	MN072628#1#MN072628.1_Sheeppox_virus_Nigeria_sheep	0	0	10000/10000
MN072629#1#MN072629.1_Sheeppox_virus_Pendik_sheep	MN072628#1#MN072628.1_Sheeppox_virus_Nigeria_sheep	0.00160342	0	9359/10000
MN072630#1#MN072630.1_Sheeppox_virus_Saudi_Arabia_sheep	MN072628#1#MN072628.1_Sheeppox_virus_Nigeria_sheep	0.00177514	0	9294/10000
MN072631#1#MN072631.1_Sheeppox_virus_Turkey_vaccine_sheep	MN072628#1#MN072628.1_Sheeppox_virus_Nigeria_sheep	0.00164552	0	9343/10000
MT137384#1#MT137384.1_Sheeppox_virus_Srinagar_passage_40_vaccine_India_2000_sheep	MN072628#1#MN072628.1_Sheeppox_virus_Nigeria_sheep	0.00171417	0	9317/10000
MW020571#1#MW020571.1_Sheeppox_virus_V104_sheep	MN072628#1#MN072628.1_Sheeppox_virus_Nigeria_sheep	0.00171682	0	9316/10000
MW167070#1#MW167070.1_Sheeppox_virus_V123_IndiaSurankote_2013_sheep	MN072628#1#MN072628.1_Sheeppox_virus_Nigeria_sheep	0.00179374	0	9287/10000
MW167071#1#MW167071.1_Sheeppox_virus_V293_Egypt_2018_sheep	MN072628#1#MN072628.1_Sheeppox_virus_Nigeria_sheep	0.00164026	0	9345/10000
NC_004002#1#NC_004002.1_Sheeppox_virus_17077_99_1970_sheep	MN072628#1#MN072628.1_Sheeppox_virus_Nigeria_sheep	0.00152476	0	9389/10000
ON961655#1#ON961655.1_Sheeppox_virus_Moscow_Russia_2018_ovine	MN072628#1#MN072628.1_Sheeppox_virus_Nigeria_sheep	0.00181236	0	9280/10000
ON961656#1#ON961656.1_Sheeppox_virus_Moscow_Russia_2019_ovine	MN072628#1#MN072628.1_Sheeppox_virus_Nigeria_sheep	0.0018097	0	9281/10000
ON961657#1#ON961657.1_Sheeppox_virus_Tula_Russia_2019_ovine	MN072628#1#MN072628.1_Sheeppox_virus_Nigeria_sheep	0.00181768	0	9278/10000
OQ434235#1#OQ434235.1_Sheeppox_virus_SPPV_Amur_Russia_2018_Russia_2018_Ovine	MN072628#1#MN072628.1_Sheeppox_virus_Nigeria_sheep	0.00169302	0	9325/10000
OQ434236#1#OQ434236.1_Sheeppox_virus_SPPV_Dagestan_Russia_2020_Russia_2020_Ovine	MN072628#1#MN072628.1_Sheeppox_virus_Nigeria_sheep	0.00194329	0	9231/10000
OQ434237#1#OQ434237.1_Sheeppox_virus_SPPV_Kostroma_Russia_2020_Russia_2020_Ovine	MN072628#1#MN072628.1_Sheeppox_virus_Nigeria_sheep	0.00179374	0	9287/10000
OQ434238#1#OQ434238.1_Sheeppox_virus_SPPV_Pskov_Russia_2019_Russia_2019_Ovine	MN072628#1#MN072628.1_Sheeppox_virus_Nigeria_sheep	0.00178842	0	9289/10000
OQ434239#1#OQ434239.1_Sheeppox_virus_SPPV_Tver_Russia_2019_Russia_2019_Ovine	MN072628#1#MN072628.1_Sheeppox_virus_Nigeria_sheep	0.0017964	0	9286/10000
OR239060#1#OR239060.1_Sheeppox_virus_V330_United_Arab_Emirates_2017_sheep	MN072628#1#MN072628.1_Sheeppox_virus_Nigeria_sheep	0.00160079	0	9360/10000
AY077832#1#AY077832.1_Sheeppox_virus_10700_99_TU_V02127_1970_sheep	MN072629#1#MN072629.1_Sheeppox_virus_Pendik_sheep	0.000473633	0	9804/10000
AY077833#1#AY077833.1_Sheeppox_virus_A_1987_sheep	MN072629#1#MN072629.1_Sheeppox_virus_Pendik_sheep	0.00122922	0	9503/10000
AY077834#1#AY077834.1_Sheeppox_virus_NISKHI_1994	MN072629#1#MN072629.1_Sheeppox_virus_Pendik_sheep	0.00131164	0	9471/10000
KT438550#1#KT438550.1_Sheeppox_virus_SPPV_GH_China_11_Apr_2013_Ovis_aries	MN072629#1#MN072629.1_Sheeppox_virus_Pendik_sheep	0.00127295	0	9486/10000
KT438551#1#KT438551.1_Sheeppox_virus_SPPV_GL_China_11_Apr_2013_Ovis_aries	MN072629#1#MN072629.1_Sheeppox_virus_Pendik_sheep	0.00126008	0	9491/10000
MN072626#1#MN072626.1_Sheeppox_virus_Abu_Gharib_Iraq_sheep	MN072629#1#MN072629.1_Sheeppox_virus_Pendik_sheep	0.0021783	0	9144/10000
MN072627#1#MN072627.1_Sheeppox_virus_Saudi_Arabia_vaccine_sheep	MN072629#1#MN072629.1_Sheeppox_virus_Pendik_sheep	0.00220552	0	9134/10000
MN072628#1#MN072628.1_Sheeppox_virus_Nigeria_sheep	MN072629#1#MN072629.1_Sheeppox_virus_Pendik_sheep	0.00160342	0	9359/10000
MN072629#1#MN072629.1_Sheeppox_virus_Pendik_sheep	MN072629#1#MN072629.1_Sheeppox_virus_Pendik_sheep	0	0	10000/10000
MN072630#1#MN072630.1_Sheeppox_virus_Saudi_Arabia_sheep	MN072629#1#MN072629.1_Sheeppox_virus_Pendik_sheep	0.00136855	0	9449/10000
MN072631#1#MN072631.1_Sheeppox_virus_Turkey_vaccine_sheep	MN072629#1#MN072629.1_Sheeppox_virus_Pendik_sheep	0.0012395	0	9499/10000
MT137384#1#MT137384.1_Sheeppox_virus_Srinagar_passage_40_vaccine_India_2000_sheep	MN072629#1#MN072629.1_Sheeppox_virus_Pendik_sheep	0.00134007	0	9460/10000
MW020571#1#MW020571.1_Sheeppox_virus_V104_sheep	MN072629#1#MN072629.1_Sheeppox_virus_Pendik_sheep	0.00124464	0	9497/10000
MW167070#1#MW167070.1_Sheeppox_virus_V123_IndiaSurankote_2013_sheep	MN072629#1#MN072629.1_Sheeppox_virus_Pendik_sheep	0.0013556	0	9454/10000
MW167071#1#MW167071.1_Sheeppox_virus_V293_Egypt_2018_sheep	MN072629#1#MN072629.1_Sheeppox_virus_Pendik_sheep	0.000547379	0	9774/10000
NC_004002#1#NC_004002.1_Sheeppox_virus_17077_99_1970_sheep	MN072629#1#MN072629.1_Sheeppox_virus_Pendik_sheep	0.000473633	0	9804/10000
ON961655#1#ON961655.1_Sheeppox_virus_Moscow_Russia_2018_ovine	MN072629#1#MN072629.1_Sheeppox_virus_Pendik_sheep	0.00142306	0	9428/10000
ON961656#1#ON961656.1_Sheeppox_virus_Moscow_Russia_2019_ovine	MN072629#1#MN072629.1_Sheeppox_virus_Pendik_sheep	0.00146992	0	9410/10000
ON961657#1#ON961657.1_Sheeppox_virus_Tula_Russia_2019_ovine	MN072629#1#MN072629.1_Sheeppox_virus_Pendik_sheep	0.0014647	0	9412/10000
OQ434235#1#OQ434235.1_Sheeppox_virus_SPPV_Amur_Russia_2018_Russia_2018_Ovine	MN072629#1#MN072629.1_Sheeppox_virus_Pendik_sheep	0.0013349	0	9462/10000
OQ434236#1#OQ434236.1_Sheeppox_virus_SPPV_Dagestan_Russia_2020_Russia_2020_Ovine	MN072629#1#MN072629.1_Sheeppox_virus_Pendik_sheep	0.00160342	0	9359/10000
OQ434237#1#OQ434237.1_Sheeppox_virus_SPPV_Kostroma_Russia_2020_Russia_2020_Ovine	MN072629#1#MN072629.1_Sheeppox_virus_Pendik_sheep	0.00143866	0	9422/10000
OQ434238#1#OQ434238.1_Sheeppox_virus_SPPV_Pskov_Russia_2019_Russia_2019_Ovine	MN072629#1#MN072629.1_Sheeppox_virus_Pendik_sheep	0.00142566	0	9427/10000
OQ434239#1#OQ434239.1_Sheeppox_virus_SPPV_Tver_Russia_2019_Russia_2019_Ovine	MN072629#1#MN072629.1_Sheeppox_virus_Pendik_sheep	0.00143086	0	9425/10000
OR239060#1#OR239060.1_Sheeppox_virus_V330_United_Arab_Emirates_2017_sheep	MN072629#1#MN072629.1_Sheeppox_virus_Pendik_sheep	0.000643757	0	9735/10000
AY077832#1#AY077832.1_Sheeppox_virus_10700_99_TU_V02127_1970_sheep	MN072630#1#MN072630.1_Sheeppox_virus_Saudi_Arabia_sheep	0.00136337	0	9451/10000
AY077833#1#AY077833.1_Sheeppox_virus_A_1987_sheep	MN072630#1#MN072630.1_Sheeppox_virus_Saudi_Arabia_sheep	0.000493266	0	9796/10000
AY077834#1#AY077834.1_Sheeppox_virus_NISKHI_1994	MN072630#1#MN072630.1_Sheeppox_virus_Saudi_Arabia_sheep	0.000554772	0	9771/10000
KT438550#1#KT438550.1_Sheeppox_virus_SPPV_GH_China_11_Apr_2013_Ovis_aries	MN072630#1#MN072630.1_Sheeppox_virus_Saudi_Arabia_sheep	0.000928811	0	9621/10000
KT438551#1#KT438551.1_Sheeppox_virus_SPPV_GL_China_11_Apr_2013_Ovis_aries	MN072630#1#MN072630.1_Sheeppox_virus_Saudi_Arabia_sheep	0.000906124	0	9630/10000
MN072626#1#MN072626.1_Sheeppox_virus_Abu_Gharib_Iraq_sheep	MN072630#1#MN072630.1_Sheeppox_virus_Saudi_Arabia_sheep	0.0021783	0	9144/10000
MN072627#1#MN072627.1_Sheeppox_virus_Saudi_Arabia_vaccine_sheep	MN072630#1#MN072630.1_Sheeppox_virus_Saudi_Arabia_sheep	0.0021647	0	9149/10000
MN072628#1#MN072628.1_Sheeppox_virus_Nigeria_sheep	MN072630#1#MN072630.1_Sheeppox_virus_Saudi_Arabia_sheep	0.00177514	0	9294/10000
MN072629#1#MN072629.1_Sheeppox_virus_Pendik_sheep	MN072630#1#MN072630.1_Sheeppox_virus_Saudi_Arabia_sheep	0.00136855	0	9449/10000
MN072630#1#MN072630.1_Sheeppox_virus_Saudi_Arabia_sheep	MN072630#1#MN072630.1_Sheeppox_virus_Saudi_Arabia_sheep	0	0	10000/10000
MN072631#1#MN072631.1_Sheeppox_virus_Turkey_vaccine_sheep	MN072630#1#MN072630.1_Sheeppox_virus_Saudi_Arabia_sheep	0.000242312	0	9899/10000
MT137384#1#MT137384.1_Sheeppox_virus_Srinagar_passage_40_vaccine_India_2000_sheep	MN072630#1#MN072630.1_Sheeppox_virus_Saudi_Arabia_sheep	0.000539989	0	9777/10000
MW020571#1#MW020571.1_Sheeppox_virus_V104_sheep	MN072630#1#MN072630.1_Sheeppox_virus_Saudi_Arabia_sheep	0.000549843	0	9773/10000
MW167070#1#MW167070.1_Sheeppox_virus_V123_IndiaSurankote_2013_sheep	MN072630#1#MN072630.1_Sheeppox_virus_Saudi_Arabia_sheep	0.00060662	0	9750/10000
MW167071#1#MW167071.1_Sheeppox_virus_V293_Egypt_2018_sheep	MN072630#1#MN072630.1_Sheeppox_virus_Saudi_Arabia_sheep	0.00141006	0	9433/10000
NC_004002#1#NC_004002.1_Sheeppox_virus_17077_99_1970_sheep	MN072630#1#MN072630.1_Sheeppox_virus_Saudi_Arabia_sheep	0.00136337	0	9451/10000
ON961655#1#ON961655.1_Sheeppox_virus_Moscow_Russia_2018_ovine	MN072630#1#MN072630.1_Sheeppox_virus_Saudi_Arabia_sheep	0.000658635	0	9729/10000
ON961656#1#ON961656.1_Sheeppox_virus_Moscow_Russia_2019_ovine	MN072630#1#MN072630.1_Sheeppox_virus_Saudi_Arabia_sheep	0.000708329	0	9709/10000
ON961657#1#ON961657.1_Sheeppox_virus_Tula_Russia_2019_ovine	MN072630#1#MN072630.1_Sheeppox_virus_Saudi_Arabia_sheep	0.000715796	0	9706/10000
OQ434235#1#OQ434235.1_Sheeppox_virus_SPPV_Amur_Russia_2018_Russia_2018_Ovine	MN072630#1#MN072630.1_Sheeppox_virus_Saudi_Arabia_sheep	0.000986933	0	9598/10000
OQ434236#1#OQ434236.1_Sheeppox_virus_SPPV_Dagestan_Russia_2020_Russia_2020_Ovine	MN072630#1#MN072630.1_Sheeppox_virus_Saudi_Arabia_sheep	0.000848289	0	9653/10000
OQ434237#1#OQ434237.1_Sheeppox_virus_SPPV_Kostroma_Russia_2020_Russia_2020_Ovine	MN072630#1#MN072630.1_Sheeppox_virus_Saudi_Arabia_sheep	0.000688433	0	9717/10000
OQ434238#1#OQ434238.1_Sheeppox_virus_SPPV_Pskov_Russia_2019_Russia_2019_Ovine	MN072630#1#MN072630.1_Sheeppox_virus_Saudi_Arabia_sheep	0.000678494	0	9721/10000
OQ434239#1#OQ434239.1_Sheeppox_virus_SPPV_Tver_Russia_2019_Russia_2019_Ovine	MN072630#1#MN072630.1_Sheeppox_virus_Saudi_Arabia_sheep	0.000685948	0	9718/10000
OR239060#1#OR239060.1_Sheeppox_virus_V330_United_Arab_Emirates_2017_sheep	MN072630#1#MN072630.1_Sheeppox_virus_Saudi_Arabia_sheep	0.00142826	0	9426/10000
AY077832#1#AY077832.1_Sheeppox_virus_10700_99_TU_V02127_1970_sheep	MN072631#1#MN072631.1_Sheeppox_virus_Turkey_vaccine_sheep	0.00124721	0	9496/10000
AY077833#1#AY077833.1_Sheeppox_virus_A_1987_sheep	MN072631#1#MN072631.1_Sheeppox_virus_Turkey_vaccine_sheep	0.000336872	0	9860/10000
AY077834#1#AY077834.1_Sheeppox_virus_NISKHI_1994	MN072631#1#MN072631.1_Sheeppox_virus_Turkey_vaccine_sheep	0.000400223	0	9834/10000
KT438550#1#KT438550.1_Sheeppox_virus_SPPV_GH_China_11_Apr_2013_Ovis_aries	MN072631#1#MN072631.1_Sheeppox_virus_Turkey_vaccine_sheep	0.000780658	0	9680/10000
KT438551#1#KT438551.1_Sheeppox_virus_SPPV_GL_China_11_Apr_2013_Ovis_aries	MN072631#1#MN072631.1_Sheeppox_virus_Turkey_vaccine_sheep	0.000753185	0	9691/10000
MN072626#1#MN072626.1_Sheeppox_virus_Abu_Gharib_Iraq_sheep	MN072631#1#MN072631.1_Sheeppox_virus_Turkey_vaccine_sheep	0.00204553	0	9193/10000
MN072627#1#MN072627.1_Sheeppox_virus_Saudi_Arabia_vaccine_sheep	MN072631#1#MN072631.1_Sheeppox_virus_Turkey_vaccine_sheep	0.00205093	0	9191/10000
MN072628#1#MN072628.1_Sheeppox_virus_Nigeria_sheep	MN072631#1#MN072631.1_Sheeppox_virus_Turkey_vaccine_sheep	0.00164552	0	9343/10000
MN072629#1#MN072629.1_Sheeppox_virus_Pendik_sheep	MN072631#1#MN072631.1_Sheeppox_virus_Turkey_vaccine_sheep	0.0012395	0	9499/10000
MN072630#1#MN072630.1_Sheeppox_virus_Saudi_Arabia_sheep	MN072631#1#MN072631.1_Sheeppox_virus_Turkey_vaccine_sheep	0.000242312	0	9899/10000
MN072631#1#MN072631.1_Sheeppox_virus_Turkey_vaccine_sheep	MN072631#1#MN072631.1_Sheeppox_virus_Turkey_vaccine_sheep	0	0	10000/10000
MT137384#1#MT137384.1_Sheeppox_virus_Srinagar_passage_40_vaccine_India_2000_sheep	MN072631#1#MN072631.1_Sheeppox_virus_Turkey_vaccine_sheep	0.000397782	0	9835/10000
MW020571#1#MW020571.1_Sheeppox_virus_V104_sheep	MN072631#1#MN072631.1_Sheeppox_virus_Turkey_vaccine_sheep	0.000395341	0	9836/10000
MW167070#1#MW167070.1_Sheeppox_virus_V123_IndiaSurankote_2013_sheep	MN072631#1#MN072631.1_Sheeppox_virus_Turkey_vaccine_sheep	0.000463826	0	9808/10000
MW167071#1#MW167071.1_Sheeppox_virus_V293_Egypt_2018_sheep	MN072631#1#MN072631.1_Sheeppox_virus_Turkey_vaccine_sheep	0.0013039	0	9474/10000
NC_004002#1#NC_004002.1_Sheeppox_virus_17077_99_1970_sheep	MN072631#1#MN072631.1_Sheeppox_virus_Turkey_vaccine_sheep	0.00124721	0	9496/10000
ON961655#1#ON961655.1_Sheeppox_virus_Moscow_Russia_2018_ovine	MN072631#1#MN072631.1_Sheeppox_virus_Turkey_vaccine_sheep	0.000530142	0	9781/10000
ON961656#1#ON961656.1_Sheeppox_virus_Moscow_Russia_2019_ovine	MN072631#1#MN072631.1_Sheeppox_virus_Turkey_vaccine_sheep	0.000564635	0	9767/10000
ON961657#1#ON961657.1_Sheeppox_virus_Tula_Russia_2019_ovine	MN072631#1#MN072631.1_Sheeppox_virus_Turkey_vaccine_sheep	0.000586849	0	9758/10000
OQ434235#1#OQ434235.1_Sheeppox_virus_SPPV_Amur_Russia_2018_Russia_2018_Ovine	MN072631#1#MN072631.1_Sheeppox_virus_Turkey_vaccine_sheep	0.000828221	0	9661/10000
OQ434236#1#OQ434236.1_Sheeppox_virus_SPPV_Dagestan_Russia_2020_Russia_2020_Ovine	MN072631#1#MN072631.1_Sheeppox_virus_Turkey_vaccine_sheep	0.000710818	0	9708/10000
OQ434237#1#OQ434237.1_Sheeppox_virus_SPPV_Kostroma_Russia_2020_Russia_2020_Ovine	MN072631#1#MN072631.1_Sheeppox_virus_Turkey_vaccine_sheep	0.000544916	0	9775/10000
OQ434238#1#OQ434238.1_Sheeppox_virus_SPPV_Pskov_Russia_2019_Russia_2019_Ovine	MN072631#1#MN072631.1_Sheeppox_virus_Turkey_vaccine_sheep	0.000549843	0	9773/10000
OQ434239#1#OQ434239.1_Sheeppox_virus_SPPV_Tver_Russia_2019_Russia_2019_Ovine	MN072631#1#MN072631.1_Sheeppox_virus_Turkey_vaccine_sheep	0.000557238	0	9770/10000
OR239060#1#OR239060.1_Sheeppox_virus_V330_United_Arab_Emirates_2017_sheep	MN072631#1#MN072631.1_Sheeppox_virus_Turkey_vaccine_sheep	0.00129874	0	9476/10000
AY077832#1#AY077832.1_Sheeppox_virus_10700_99_TU_V02127_1970_sheep	MT137384#1#MT137384.1_Sheeppox_virus_Srinagar_passage_40_vaccine_India_2000_sheep	0.00132973	0	9464/10000
AY077833#1#AY077833.1_Sheeppox_virus_A_1987_sheep	MT137384#1#MT137384.1_Sheeppox_virus_Srinagar_passage_40_vaccine_India_2000_sheep	0.00030529	0	9873/10000
AY077834#1#AY077834.1_Sheeppox_virus_NISKHI_1994	MT137384#1#MT137384.1_Sheeppox_virus_Srinagar_passage_40_vaccine_India_2000_sheep	0.000488355	0	9798/10000
KT438550#1#KT438550.1_Sheeppox_virus_SPPV_GH_China_11_Apr_2013_Ovis_aries	MT137384#1#MT137384.1_Sheeppox_virus_Srinagar_passage_40_vaccine_India_2000_sheep	0.000840761	0	9656/10000
KT438551#1#KT438551.1_Sheeppox_virus_SPPV_GL_China_11_Apr_2013_Ovis_aries	MT137384#1#MT137384.1_Sheeppox_virus_Srinagar_passage_40_vaccine_India_2000_sheep	0.000818196	0	9665/10000
MN072626#1#MN072626.1_Sheeppox_virus_Abu_Gharib_Iraq_sheep	MT137384#1#MT137384.1_Sheeppox_virus_Srinagar_passage_40_vaccine_India_2000_sheep	0.00207795	0	9181/10000
MN072627#1#MN072627.1_Sheeppox_virus_Saudi_Arabia_vaccine_sheep	MT137384#1#MT137384.1_Sheeppox_virus_Srinagar_passage_40_vaccine_India_2000_sheep	0.00204553	0	9193/10000
MN072628#1#MN072628.1_Sheeppox_virus_Nigeria_sheep	MT137384#1#MT137384.1_Sheeppox_virus_Srinagar_passage_40_vaccine_India_2000_sheep	0.00171417	0	9317/10000
MN072629#1#MN072629.1_Sheeppox_virus_Pendik_sheep	MT137384#1#MT137384.1_Sheeppox_virus_Srinagar_passage_40_vaccine_India_2000_sheep	0.00134007	0	9460/10000
MN072630#1#MN072630.1_Sheeppox_virus_Saudi_Arabia_sheep	MT137384#1#MT137384.1_Sheeppox_virus_Srinagar_passage_40_vaccine_India_2000_sheep	0.000539989	0	9777/10000
MN072631#1#MN072631.1_Sheeppox_virus_Turkey_vaccine_sheep	MT137384#1#MT137384.1_Sheeppox_virus_Srinagar_passage_40_vaccine_India_2000_sheep	0.000397782	0	9835/10000
MT137384#1#MT137384.1_Sheeppox_virus_Srinagar_passage_40_vaccine_India_2000_sheep	MT137384#1#MT137384.1_Sheeppox_virus_Srinagar_passage_40_vaccine_India_2000_sheep	0	0	10000/10000
MW020571#1#MW020571.1_Sheeppox_virus_V104_sheep	MT137384#1#MT137384.1_Sheeppox_virus_Srinagar_passage_40_vaccine_India_2000_sheep	0.000488355	0	9798/10000
MW167070#1#MW167070.1_Sheeppox_virus_V123_IndiaSurankote_2013_sheep	MT137384#1#MT137384.1_Sheeppox_virus_Srinagar_passage_40_vaccine_India_2000_sheep	0.000535065	0	9779/10000
MW167071#1#MW167071.1_Sheeppox_virus_V293_Egypt_2018_sheep	MT137384#1#MT137384.1_Sheeppox_virus_Srinagar_passage_40_vaccine_India_2000_sheep	0.0013556	0	9454/10000
NC_004002#1#NC_004002.1_Sheeppox_virus_17077_99_1970_sheep	MT137384#1#MT137384.1_Sheeppox_virus_Srinagar_passage_40_vaccine_India_2000_sheep	0.00132973	0	9464/10000
ON961655#1#ON961655.1_Sheeppox_virus_Moscow_Russia_2018_ovine	MT137384#1#MT137384.1_Sheeppox_virus_Srinagar_passage_40_vaccine_India_2000_sheep	0.000363644	0	9849/10000
ON961656#1#ON961656.1_Sheeppox_virus_Moscow_Russia_2019_ovine	MT137384#1#MT137384.1_Sheeppox_virus_Srinagar_passage_40_vaccine_India_2000_sheep	0.000397782	0	9835/10000
ON961657#1#ON961657.1_Sheeppox_virus_Tula_Russia_2019_ovine	MT137384#1#MT137384.1_Sheeppox_virus_Srinagar_passage_40_vaccine_India_2000_sheep	0.000419766	0	9826/10000
OQ434235#1#OQ434235.1_Sheeppox_virus_SPPV_Amur_Russia_2018_Russia_2018_Ovine	MT137384#1#MT137384.1_Sheeppox_virus_Srinagar_passage_40_vaccine_India_2000_sheep	0.000908643	0	9629/10000
OQ434236#1#OQ434236.1_Sheeppox_virus_SPPV_Dagestan_Russia_2020_Russia_2020_Ovine	MT137384#1#MT137384.1_Sheeppox_virus_Srinagar_passage_40_vaccine_India_2000_sheep	0.000574504	0	9763/10000
OQ434237#1#OQ434237.1_Sheeppox_virus_SPPV_Kostroma_Russia_2020_Russia_2020_Ovine	MT137384#1#MT137384.1_Sheeppox_virus_Srinagar_passage_40_vaccine_India_2000_sheep	0.000397782	0	9835/10000
OQ434238#1#OQ434238.1_Sheeppox_virus_SPPV_Pskov_Russia_2019_Russia_2019_Ovine	MT137384#1#MT137384.1_Sheeppox_virus_Srinagar_passage_40_vaccine_India_2000_sheep	0.000397782	0	9835/10000
OQ434239#1#OQ434239.1_Sheeppox_virus_SPPV_Tver_Russia_2019_Russia_2019_Ovine	MT137384#1#MT137384.1_Sheeppox_virus_Srinagar_passage_40_vaccine_India_2000_sheep	0.000400223	0	9834/10000
OR239060#1#OR239060.1_Sheeppox_virus_V330_United_Arab_Emirates_2017_sheep	MT137384#1#MT137384.1_Sheeppox_virus_Srinagar_passage_40_vaccine_India_2000_sheep	0.00138151	0	9444/10000
AY077832#1#AY077832.1_Sheeppox_virus_10700_99_TU_V02127_1970_sheep	MW020571#1#MW020571.1_Sheeppox_virus_V104_sheep	0.00130648	0	9473/10000
AY077833#1#AY077833.1_Sheeppox_virus_A_1987_sheep	MW020571#1#MW020571.1_Sheeppox_virus_V104_sheep	0.000431993	0	9821/10000
AY077834#1#AY077834.1_Sheeppox_virus_NISKHI_1994	MW020571#1#MW020571.1_Sheeppox_virus_V104_sheep	0.000105109	0	9956/10000
KT438550#1#KT438550.1_Sheeppox_virus_SPPV_GH_China_11_Apr_2013_Ovis_aries	MW020571#1#MW020571.1_Sheeppox_virus_V104_sheep	0.000870896	0	9644/10000
KT438551#1#KT438551.1_Sheeppox_virus_SPPV_GL_China_11_Apr_2013_Ovis_aries	MW020571#1#MW020571.1_Sheeppox_virus_V104_sheep	0.000858333	0	9649/10000
MN072626#1#MN072626.1_Sheeppox_virus_Abu_Gharib_Iraq_sheep	MW020571#1#MW020571.1_Sheeppox_virus_V104_sheep	0.00215655	0	9152/10000
MN072627#1#MN072627.1_Sheeppox_virus_Saudi_Arabia_vaccine_sheep	MW020571#1#MW020571.1_Sheeppox_virus_V104_sheep	0.00217014	0	9147/10000
MN072628#1#MN072628.1_Sheeppox_virus_Nigeria_sheep	MW020571#1#MW020571.1_Sheeppox_virus_V104_sheep	0.00171682	0	9316/10000
MN072629#1#MN072629.1_Sheeppox_virus_Pendik_sheep	MW020571#1#MW020571.1_Sheeppox_virus_V104_sheep	0.00124464	0	9497/10000
MN072630#1#MN072630.1_Sheeppox_virus_Saudi_Arabia_sheep	MW020571#1#MW020571.1_Sheeppox_virus_V104_sheep	0.000549843	0	9773/10000
MN072631#1#MN072631.1_Sheeppox_virus_Turkey_vaccine_sheep	MW020571#1#MW020571.1_Sheeppox_virus_V104_sheep	0.000395341	0	9836/10000
MT137384#1#MT137384.1_Sheeppox_virus_Srinagar_passage_40_vaccine_India_2000_sheep	MW020571#1#MW020571.1_Sheeppox_virus_V104_sheep	0.000488355	0	9798/10000
MW020571#1#MW020571.1_Sheeppox_virus_V104_sheep	MW020571#1#MW020571.1_Sheeppox_virus_V104_sheep	0	0	10000/10000
MW167070#1#MW167070.1_Sheeppox_virus_V123_IndiaSurankote_2013_sheep	MW020571#1#MW020571.1_Sheeppox_virus_V104_sheep	0.000310145	0	9871/10000
MW167071#1#MW167071.1_Sheeppox_virus_V293_Egypt_2018_sheep	MW020571#1#MW020571.1_Sheeppox_virus_V104_sheep	0.0013556	0	9454/10000
NC_004002#1#NC_004002.1_Sheeppox_virus_17077_99_1970_sheep	MW020571#1#MW020571.1_Sheeppox_virus_V104_sheep	0.00130648	0	9473/10000
ON961655#1#ON961655.1_Sheeppox_virus_Moscow_Russia_2018_ovine	MW020571#1#MW020571.1_Sheeppox_virus_V104_sheep	0.000586849	0	9758/10000
ON961656#1#ON961656.1_Sheeppox_virus_Moscow_Russia_2019_ovine	MW020571#1#MW020571.1_Sheeppox_virus_V104_sheep	0.000621465	0	9744/10000
ON961657#1#ON961657.1_Sheeppox_virus_Tula_Russia_2019_ovine	MW020571#1#MW020571.1_Sheeppox_virus_V104_sheep	0.000643757	0	9735/10000
OQ434235#1#OQ434235.1_Sheeppox_virus_SPPV_Amur_Russia_2018_Russia_2018_Ovine	MW020571#1#MW020571.1_Sheeppox_virus_V104_sheep	0.000938904	0	9617/10000
OQ434236#1#OQ434236.1_Sheeppox_virus_SPPV_Dagestan_Russia_2020_Russia_2020_Ovine	MW020571#1#MW020571.1_Sheeppox_virus_V104_sheep	0.000768164	0	9685/10000
OQ434237#1#OQ434237.1_Sheeppox_virus_SPPV_Kostroma_Russia_2020_Russia_2020_Ovine	MW020571#1#MW020571.1_Sheeppox_virus_V104_sheep	0.000601675	0	9752/10000
OQ434238#1#OQ434238.1_Sheeppox_virus_SPPV_Pskov_Russia_2019_Russia_2019_Ovine	MW020571#1#MW020571.1_Sheeppox_virus_V104_sheep	0.00060662	0	9750/10000
OQ434239#1#OQ434239.1_Sheeppox_virus_SPPV_Tver_Russia_2019_Russia_2019_Ovine	MW020571#1#MW020571.1_Sheeppox_virus_V104_sheep	0.000614041	0	9747/10000
OR239060#1#OR239060.1_Sheeppox_virus_V330_United_Arab_Emirates_2017_sheep	MW020571#1#MW020571.1_Sheeppox_virus_V104_sheep	0.0013556	0	9454/10000
AY077832#1#AY077832.1_Sheeppox_virus_10700_99_TU_V02127_1970_sheep	MW167070#1#MW167070.1_Sheeppox_virus_V123_IndiaSurankote_2013_sheep	0.00139708	0	9438/10000
AY077833#1#AY077833.1_Sheeppox_virus_A_1987_sheep	MW167070#1#MW167070.1_Sheeppox_virus_V123_IndiaSurankote_2013_sheep	0.000483446	0	9800/10000
AY077834#1#AY077834.1_Sheeppox_virus_NISKHI_1994	MW167070#1#MW167070.1_Sheeppox_virus_V123_IndiaSurankote_2013_sheep	0.000329578	0	9863/10000
KT438550#1#KT438550.1_Sheeppox_virus_SPPV_GH_China_11_Apr_2013_Ovis_aries	MW167070#1#MW167070.1_Sheeppox_virus_V123_IndiaSurankote_2013_sheep	0.000928811	0	9621/10000
KT438551#1#KT438551.1_Sheeppox_virus_SPPV_GL_China_11_Apr_2013_Ovis_aries	MW167070#1#MW167070.1_Sheeppox_virus_V123_IndiaSurankote_2013_sheep	0.000906124	0	9630/10000
MN072626#1#MN072626.1_Sheeppox_virus_Abu_Gharib_Iraq_sheep	MW167070#1#MW167070.1_Sheeppox_virus_V123_IndiaSurankote_2013_sheep	0.0022137	0	9131/10000
MN072627#1#MN072627.1_Sheeppox_virus_Saudi_Arabia_vaccine_sheep	MW167070#1#MW167070.1_Sheeppox_virus_V123_IndiaSurankote_2013_sheep	0.00220552	0	9134/10000
MN072628#1#MN072628.1_Sheeppox_virus_Nigeria_sheep	MW167070#1#MW167070.1_Sheeppox_virus_V123_IndiaSurankote_2013_sheep	0.00179374	0	9287/10000
MN072629#1#MN072629.1_Sheeppox_virus_Pendik_sheep	MW167070#1#MW167070.1_Sheeppox_virus_V123_IndiaSurankote_2013_sheep	0.0013556	0	9454/10000
MN072630#1#MN072630.1_Sheeppox_virus_Saudi_Arabia_sheep	MW167070#1#MW167070.1_Sheeppox_virus_V123_IndiaSurankote_2013_sheep	0.00060662	0	9750/10000
MN072631#1#MN072631.1_Sheeppox_virus_Turkey_vaccine_sheep	MW167070#1#MW167070.1_Sheeppox_virus_V123_IndiaSurankote_2013_sheep	0.000463826	0	9808/10000
MT137384#1#MT137384.1_Sheeppox_virus_Srinagar_passage_40_vaccine_India_2000_sheep	MW167070#1#MW167070.1_Sheeppox_virus_V123_IndiaSurankote_2013_sheep	0.000535065	0	9779/10000
MW020571#1#MW020571.1_Sheeppox_virus_V104_sheep	MW167070#1#MW167070.1_Sheeppox_virus_V123_IndiaSurankote_2013_sheep	0.000310145	0	9871/10000
MW167070#1#MW167070.1_Sheeppox_virus_V123_IndiaSurankote_2013_sheep	MW167070#1#MW167070.1_Sheeppox_virus_V123_IndiaSurankote_2013_sheep	0	0	10000/10000
MW167071#1#MW167071.1_Sheeppox_virus_V293_Egypt_2018_sheep	MW167070#1#MW167070.1_Sheeppox_virus_V123_IndiaSurankote_2013_sheep	0.00141006	0	9433/10000
NC_004002#1#NC_004002.1_Sheeppox_virus_17077_99_1970_sheep	MW167070#1#MW167070.1_Sheeppox_virus_V123_IndiaSurankote_2013_sheep	0.00139708	0	9438/10000
ON961655#1#ON961655.1_Sheeppox_virus_Moscow_Russia_2018_ovine	MW167070#1#MW167070.1_Sheeppox_virus_V123_IndiaSurankote_2013_sheep	0.000653674	0	9731/10000
ON961656#1#ON961656.1_Sheeppox_virus_Moscow_Russia_2019_ovine	MW167070#1#MW167070.1_Sheeppox_virus_V123_IndiaSurankote_2013_sheep	0.000688433	0	9717/10000
ON961657#1#ON961657.1_Sheeppox_virus_Tula_Russia_2019_ovine	MW167070#1#MW167070.1_Sheeppox_virus_V123_IndiaSurankote_2013_sheep	0.000700865	0	9712/10000
OQ434235#1#OQ434235.1_Sheeppox_virus_SPPV_Amur_Russia_2018_Russia_2018_Ovine	MW167070#1#MW167070.1_Sheeppox_virus_V123_IndiaSurankote_2013_sheep	0.000986933	0	9598/10000
OQ434236#1#OQ434236.1_Sheeppox_virus_SPPV_Dagestan_Russia_2020_Russia_2020_Ovine	MW167070#1#MW167070.1_Sheeppox_virus_V123_IndiaSurankote_2013_sheep	0.000838252	0	9657/10000
OQ434237#1#OQ434237.1_Sheeppox_virus_SPPV_Kostroma_Russia_2020_Russia_2020_Ovine	MW167070#1#MW167070.1_Sheeppox_virus_V123_IndiaSurankote_2013_sheep	0.000668562	0	9725/10000
OQ434238#1#OQ434238.1_Sheeppox_virus_SPPV_Pskov_Russia_2019_Russia_2019_Ovine	MW167070#1#MW167070.1_Sheeppox_virus_V123_IndiaSurankote_2013_sheep	0.000668562	0	9725/10000
OQ434239#1#OQ434239.1_Sheeppox_virus_SPPV_Tver_Russia_2019_Russia_2019_Ovine	MW167070#1#MW167070.1_Sheeppox_virus_V123_IndiaSurankote_2013_sheep	0.000676011	0	9722/10000
OR239060#1#OR239060.1_Sheeppox_virus_V330_United_Arab_Emirates_2017_sheep	MW167070#1#MW167070.1_Sheeppox_virus_V123_IndiaSurankote_2013_sheep	0.00143346	0	9424/10000
AY077832#1#AY077832.1_Sheeppox_virus_10700_99_TU_V02127_1970_sheep	MW167071#1#MW167071.1_Sheeppox_virus_V293_Egypt_2018_sheep	0.000439333	0	9818/10000
AY077833#1#AY077833.1_Sheeppox_virus_A_1987_sheep	MW167071#1#MW167071.1_Sheeppox_virus_V293_Egypt_2018_sheep	0.001291	0	9479/10000
AY077834#1#AY077834.1_Sheeppox_virus_NISKHI_1994	MW167071#1#MW167071.1_Sheeppox_virus_V293_Egypt_2018_sheep	0.00137114	0	9448/10000
KT438550#1#KT438550.1_Sheeppox_virus_SPPV_GH_China_11_Apr_2013_Ovis_aries	MW167071#1#MW167071.1_Sheeppox_virus_V293_Egypt_2018_sheep	0.00129874	0	9476/10000
KT438551#1#KT438551.1_Sheeppox_virus_SPPV_GL_China_11_Apr_2013_Ovis_aries	MW167071#1#MW167071.1_Sheeppox_virus_V293_Egypt_2018_sheep	0.00128584	0	9481/10000
MN072626#1#MN072626.1_Sheeppox_virus_Abu_Gharib_Iraq_sheep	MW167071#1#MW167071.1_Sheeppox_virus_V293_Egypt_2018_sheep	0.00225191	0	9117/10000
MN072627#1#MN072627.1_Sheeppox_virus_Saudi_Arabia_vaccine_sheep	MW167071#1#MW167071.1_Sheeppox_virus_V293_Egypt_2018_sheep	0.00226557	0	9112/10000
MN072628#1#MN072628.1_Sheeppox_virus_Nigeria_sheep	MW167071#1#MW167071.1_Sheeppox_virus_V293_Egypt_2018_sheep	0.00164026	0	9345/10000
MN072629#1#MN072629.1_Sheeppox_virus_Pendik_sheep	MW167071#1#MW167071.1_Sheeppox_virus_V293_Egypt_2018_sheep	0.000547379	0	9774/10000
MN072630#1#MN072630.1_Sheeppox_virus_Saudi_Arabia_sheep	MW167071#1#MW167071.1_Sheeppox_virus_V293_Egypt_2018_sheep	0.00141006	0	9433/10000
MN072631#1#MN072631.1_Sheeppox_virus_Turkey_vaccine_sheep	MW167071#1#MW167071.1_Sheeppox_virus_V293_Egypt_2018_sheep	0.0013039	0	9474/10000
MT137384#1#MT137384.1_Sheeppox_virus_Srinagar_passage_40_vaccine_India_2000_sheep	MW167071#1#MW167071.1_Sheeppox_virus_V293_Egypt_2018_sheep	0.0013556	0	9454/10000
MW020571#1#MW020571.1_Sheeppox_virus_V104_sheep	MW167071#1#MW167071.1_Sheeppox_virus_V293_Egypt_2018_sheep	0.0013556	0	9454/10000
MW167070#1#MW167070.1_Sheeppox_virus_V123_IndiaSurankote_2013_sheep	MW167071#1#MW167071.1_Sheeppox_virus_V293_Egypt_2018_sheep	0.00141006	0	9433/10000
MW167071#1#MW167071.1_Sheeppox_virus_V293_Egypt_2018_sheep	MW167071#1#MW167071.1_Sheeppox_virus_V293_Egypt_2018_sheep	0	0	10000/10000
NC_004002#1#NC_004002.1_Sheeppox_virus_17077_99_1970_sheep	MW167071#1#MW167071.1_Sheeppox_virus_V293_Egypt_2018_sheep	0.000439333	0	9818/10000
ON961655#1#ON961655.1_Sheeppox_virus_Moscow_Russia_2018_ovine	MW167071#1#MW167071.1_Sheeppox_virus_V293_Egypt_2018_sheep	0.0014621	0	9413/10000
ON961656#1#ON961656.1_Sheeppox_virus_Moscow_Russia_2019_ovine	MW167071#1#MW167071.1_Sheeppox_virus_V293_Egypt_2018_sheep	0.0015143	0	9393/10000
ON961657#1#ON961657.1_Sheeppox_virus_Tula_Russia_2019_ovine	MW167071#1#MW167071.1_Sheeppox_virus_V293_Egypt_2018_sheep	0.00151953	0	9391/10000
OQ434235#1#OQ434235.1_Sheeppox_virus_SPPV_Amur_Russia_2018_Russia_2018_Ovine	MW167071#1#MW167071.1_Sheeppox_virus_V293_Egypt_2018_sheep	0.00137373	0	9447/10000
OQ434236#1#OQ434236.1_Sheeppox_virus_SPPV_Dagestan_Russia_2020_Russia_2020_Ovine	MW167071#1#MW167071.1_Sheeppox_virus_V293_Egypt_2018_sheep	0.00166926	0	9334/10000
OQ434237#1#OQ434237.1_Sheeppox_virus_SPPV_Kostroma_Russia_2020_Russia_2020_Ovine	MW167071#1#MW167071.1_Sheeppox_virus_V293_Egypt_2018_sheep	0.00148296	0	9405/10000
OQ434238#1#OQ434238.1_Sheeppox_virus_SPPV_Pskov_Russia_2019_Russia_2019_Ovine	MW167071#1#MW167071.1_Sheeppox_virus_V293_Egypt_2018_sheep	0.00147252	0	9409/10000
OQ434239#1#OQ434239.1_Sheeppox_virus_SPPV_Tver_Russia_2019_Russia_2019_Ovine	MW167071#1#MW167071.1_Sheeppox_virus_V293_Egypt_2018_sheep	0.00148035	0	9406/10000
OR239060#1#OR239060.1_Sheeppox_virus_V330_United_Arab_Emirates_2017_sheep	MW167071#1#MW167071.1_Sheeppox_virus_V293_Egypt_2018_sheep	0.000700865	0	9712/10000
AY077832#1#AY077832.1_Sheeppox_virus_10700_99_TU_V02127_1970_sheep	NC_004002#1#NC_004002.1_Sheeppox_virus_17077_99_1970_sheep	0	0	10000/10000
AY077833#1#AY077833.1_Sheeppox_virus_A_1987_sheep	NC_004002#1#NC_004002.1_Sheeppox_virus_17077_99_1970_sheep	0.0012395	0	9499/10000
AY077834#1#AY077834.1_Sheeppox_virus_NISKHI_1994	NC_004002#1#NC_004002.1_Sheeppox_virus_17077_99_1970_sheep	0.00122922	0	9503/10000
KT438550#1#KT438550.1_Sheeppox_virus_SPPV_GH_China_11_Apr_2013_Ovis_aries	NC_004002#1#NC_004002.1_Sheeppox_virus_17077_99_1970_sheep	0.00125751	0	9492/10000
KT438551#1#KT438551.1_Sheeppox_virus_SPPV_GL_China_11_Apr_2013_Ovis_aries	NC_004002#1#NC_004002.1_Sheeppox_virus_17077_99_1970_sheep	0.00124464	0	9497/10000
MN072626#1#MN072626.1_Sheeppox_virus_Abu_Gharib_Iraq_sheep	NC_004002#1#NC_004002.1_Sheeppox_virus_17077_99_1970_sheep	0.00206713	0	9185/10000
MN072627#1#MN072627.1_Sheeppox_virus_Saudi_Arabia_vaccine_sheep	NC_004002#1#NC_004002.1_Sheeppox_virus_17077_99_1970_sheep	0.00209959	0	9173/10000
MN072628#1#MN072628.1_Sheeppox_virus_Nigeria_sheep	NC_004002#1#NC_004002.1_Sheeppox_virus_17077_99_1970_sheep	0.00152476	0	9389/10000
MN072629#1#MN072629.1_Sheeppox_virus_Pendik_sheep	NC_004002#1#NC_004002.1_Sheeppox_virus_17077_99_1970_sheep	0.000473633	0	9804/10000
MN072630#1#MN072630.1_Sheeppox_virus_Saudi_Arabia_sheep	NC_004002#1#NC_004002.1_Sheeppox_virus_17077_99_1970_sheep	0.00136337	0	9451/10000
MN072631#1#MN072631.1_Sheeppox_virus_Turkey_vaccine_sheep	NC_004002#1#NC_004002.1_Sheeppox_virus_17077_99_1970_sheep	0.00124721	0	9496/10000
MT137384#1#MT137384.1_Sheeppox_virus_Srinagar_passage_40_vaccine_India_2000_sheep	NC_004002#1#NC_004002.1_Sheeppox_virus_17077_99_1970_sheep	0.00132973	0	9464/10000
MW020571#1#MW020571.1_Sheeppox_virus_V104_sheep	NC_004002#1#NC_004002.1_Sheeppox_virus_17077_99_1970_sheep	0.00130648	0	9473/10000
MW167070#1#MW167070.1_Sheeppox_virus_V123_IndiaSurankote_2013_sheep	NC_004002#1#NC_004002.1_Sheeppox_virus_17077_99_1970_sheep	0.00139708	0	9438/10000
MW167071#1#MW167071.1_Sheeppox_virus_V293_Egypt_2018_sheep	NC_004002#1#NC_004002.1_Sheeppox_virus_17077_99_1970_sheep	0.000439333	0	9818/10000
NC_004002#1#NC_004002.1_Sheeppox_virus_17077_99_1970_sheep	NC_004002#1#NC_004002.1_Sheeppox_virus_17077_99_1970_sheep	0	0	10000/10000
ON961655#1#ON961655.1_Sheeppox_virus_Moscow_Russia_2018_ovine	NC_004002#1#NC_004002.1_Sheeppox_virus_17077_99_1970_sheep	0.00141006	0	9433/10000
ON961656#1#ON961656.1_Sheeppox_virus_Moscow_Russia_2019_ovine	NC_004002#1#NC_004002.1_Sheeppox_virus_17077_99_1970_sheep	0.0013841	0	9443/10000
ON961657#1#ON961657.1_Sheeppox_virus_Tula_Russia_2019_ovine	NC_004002#1#NC_004002.1_Sheeppox_virus_17077_99_1970_sheep	0.00139189	0	9440/10000
OQ434235#1#OQ434235.1_Sheeppox_virus_SPPV_Amur_Russia_2018_Russia_2018_Ovine	NC_004002#1#NC_004002.1_Sheeppox_virus_17077_99_1970_sheep	0.00124207	0	9498/10000
OQ434236#1#OQ434236.1_Sheeppox_virus_SPPV_Dagestan_Russia_2020_Russia_2020_Ovine	NC_004002#1#NC_004002.1_Sheeppox_virus_17077_99_1970_sheep	0.00151691	0	9392/10000
OQ434237#1#OQ434237.1_Sheeppox_virus_SPPV_Kostroma_Russia_2020_Russia_2020_Ovine	NC_004002#1#NC_004002.1_Sheeppox_virus_17077_99_1970_sheep	0.0013556	0	9454/10000
OQ434238#1#OQ434238.1_Sheeppox_virus_SPPV_Pskov_Russia_2019_Russia_2019_Ovine	NC_004002#1#NC_004002.1_Sheeppox_virus_17077_99_1970_sheep	0.00135042	0	9456/10000
OQ434239#1#OQ434239.1_Sheeppox_virus_SPPV_Tver_Russia_2019_Russia_2019_Ovine	NC_004002#1#NC_004002.1_Sheeppox_virus_17077_99_1970_sheep	0.00135819	0	9453/10000
OR239060#1#OR239060.1_Sheeppox_virus_V330_United_Arab_Emirates_2017_sheep	NC_004002#1#NC_004002.1_Sheeppox_virus_17077_99_1970_sheep	0.000628892	0	9741/10000
AY077832#1#AY077832.1_Sheeppox_virus_10700_99_TU_V02127_1970_sheep	ON961655#1#ON961655.1_Sheeppox_virus_Moscow_Russia_2018_ovine	0.00141006	0	9433/10000
AY077833#1#AY077833.1_Sheeppox_virus_A_1987_sheep	ON961655#1#ON961655.1_Sheeppox_virus_Moscow_Russia_2018_ovine	0.000370953	0	9846/10000
AY077834#1#AY077834.1_Sheeppox_virus_NISKHI_1994	ON961655#1#ON961655.1_Sheeppox_virus_Moscow_Russia_2018_ovine	0.00058191	0	9760/10000
KT438550#1#KT438550.1_Sheeppox_virus_SPPV_GH_China_11_Apr_2013_Ovis_aries	ON961655#1#ON961655.1_Sheeppox_virus_Moscow_Russia_2018_ovine	0.00097934	0	9601/10000
KT438551#1#KT438551.1_Sheeppox_virus_SPPV_GL_China_11_Apr_2013_Ovis_aries	ON961655#1#ON961655.1_Sheeppox_virus_Moscow_Russia_2018_ovine	0.000946478	0	9614/10000
MN072626#1#MN072626.1_Sheeppox_virus_Abu_Gharib_Iraq_sheep	ON961655#1#ON961655.1_Sheeppox_virus_Moscow_Russia_2018_ovine	0.00212669	0	9163/10000
MN072627#1#MN072627.1_Sheeppox_virus_Saudi_Arabia_vaccine_sheep	ON961655#1#ON961655.1_Sheeppox_virus_Moscow_Russia_2018_ovine	0.00214297	0	9157/10000
MN072628#1#MN072628.1_Sheeppox_virus_Nigeria_sheep	ON961655#1#ON961655.1_Sheeppox_virus_Moscow_Russia_2018_ovine	0.00181236	0	9280/10000
MN072629#1#MN072629.1_Sheeppox_virus_Pendik_sheep	ON961655#1#ON961655.1_Sheeppox_virus_Moscow_Russia_2018_ovine	0.00142306	0	9428/10000
MN072630#1#MN072630.1_Sheeppox_virus_Saudi_Arabia_sheep	ON961655#1#ON961655.1_Sheeppox_virus_Moscow_Russia_2018_ovine	0.000658635	0	9729/10000
MN072631#1#MN072631.1_Sheeppox_virus_Turkey_vaccine_sheep	ON961655#1#ON961655.1_Sheeppox_virus_Moscow_Russia_2018_ovine	0.000530142	0	9781/10000
MT137384#1#MT137384.1_Sheeppox_virus_Srinagar_passage_40_vaccine_India_2000_sheep	ON961655#1#ON961655.1_Sheeppox_virus_Moscow_Russia_2018_ovine	0.000363644	0	9849/10000
MW020571#1#MW020571.1_Sheeppox_virus_V104_sheep	ON961655#1#ON961655.1_Sheeppox_virus_Moscow_Russia_2018_ovine	0.000586849	0	9758/10000
MW167070#1#MW167070.1_Sheeppox_virus_V123_IndiaSurankote_2013_sheep	ON961655#1#ON961655.1_Sheeppox_virus_Moscow_Russia_2018_ovine	0.000653674	0	9731/10000
MW167071#1#MW167071.1_Sheeppox_virus_V293_Egypt_2018_sheep	ON961655#1#ON961655.1_Sheeppox_virus_Moscow_Russia_2018_ovine	0.0014621	0	9413/10000
NC_004002#1#NC_004002.1_Sheeppox_virus_17077_99_1970_sheep	ON961655#1#ON961655.1_Sheeppox_virus_Moscow_Russia_2018_ovine	0.00141006	0	9433/10000
ON961655#1#ON961655.1_Sheeppox_virus_Moscow_Russia_2018_ovine	ON961655#1#ON961655.1_Sheeppox_virus_Moscow_Russia_2018_ovine	0	0	10000/10000
ON961656#1#ON961656.1_Sheeppox_virus_Moscow_Russia_2019_ovine	ON961655#1#ON961655.1_Sheeppox_virus_Moscow_Russia_2018_ovine	8.35527e-05	0	9965/10000
ON961657#1#ON961657.1_Sheeppox_virus_Tula_Russia_2019_ovine	ON961655#1#ON961655.1_Sheeppox_virus_Moscow_Russia_2018_ovine	9.07348e-05	0	9962/10000
OQ434235#1#OQ434235.1_Sheeppox_virus_SPPV_Amur_Russia_2018_Russia_2018_Ovine	ON961655#1#ON961655.1_Sheeppox_virus_Moscow_Russia_2018_ovine	0.00102749	0	9582/10000
OQ434236#1#OQ434236.1_Sheeppox_virus_SPPV_Dagestan_Russia_2020_Russia_2020_Ovine	ON961655#1#ON961655.1_Sheeppox_virus_Moscow_Russia_2018_ovine	0.000295585	0	9877/10000
OQ434237#1#OQ434237.1_Sheeppox_virus_SPPV_Kostroma_Russia_2020_Russia_2020_Ovine	ON961655#1#ON961655.1_Sheeppox_virus_Moscow_Russia_2018_ovine	0.000124294	0	9948/10000
OQ434238#1#OQ434238.1_Sheeppox_virus_SPPV_Pskov_Russia_2019_Russia_2019_Ovine	ON961655#1#ON961655.1_Sheeppox_virus_Moscow_Russia_2018_ovine	0.000114699	0	9952/10000
OQ434239#1#OQ434239.1_Sheeppox_virus_SPPV_Tver_Russia_2019_Russia_2019_Ovine	ON961655#1#ON961655.1_Sheeppox_virus_Moscow_Russia_2018_ovine	0.000117097	0	9951/10000
OR239060#1#OR239060.1_Sheeppox_virus_V330_United_Arab_Emirates_2017_sheep	ON961655#1#ON961655.1_Sheeppox_virus_Moscow_Russia_2018_ovine	0.00148035	0	9406/10000
AY077832#1#AY077832.1_Sheeppox_virus_10700_99_TU_V02127_1970_sheep	ON961656#1#ON961656.1_Sheeppox_virus_Moscow_Russia_2019_ovine	0.0013841	0	9443/10000
AY077833#1#AY077833.1_Sheeppox_virus_A_1987_sheep	ON961656#1#ON961656.1_Sheeppox_virus_Moscow_Russia_2019_ovine	0.000405107	0	9832/10000
AY077834#1#AY077834.1_Sheeppox_virus_NISKHI_1994	ON961656#1#ON961656.1_Sheeppox_virus_Moscow_Russia_2019_ovine	0.00052522	0	9783/10000
KT438550#1#KT438550.1_Sheeppox_virus_SPPV_GH_China_11_Apr_2013_Ovis_aries	ON961656#1#ON961656.1_Sheeppox_virus_Moscow_Russia_2019_ovine	0.0010148	0	9587/10000
KT438551#1#KT438551.1_Sheeppox_virus_SPPV_GL_China_11_Apr_2013_Ovis_aries	ON961656#1#ON961656.1_Sheeppox_virus_Moscow_Russia_2019_ovine	0.000981871	0	9600/10000
MN072626#1#MN072626.1_Sheeppox_virus_Abu_Gharib_Iraq_sheep	ON961656#1#ON961656.1_Sheeppox_virus_Moscow_Russia_2019_ovine	0.00212398	0	9164/10000
MN072627#1#MN072627.1_Sheeppox_virus_Saudi_Arabia_vaccine_sheep	ON961656#1#ON961656.1_Sheeppox_virus_Moscow_Russia_2019_ovine	0.00214569	0	9156/10000
MN072628#1#MN072628.1_Sheeppox_virus_Nigeria_sheep	ON961656#1#ON961656.1_Sheeppox_virus_Moscow_Russia_2019_ovine	0.0018097	0	9281/10000
MN072629#1#MN072629.1_Sheeppox_virus_Pendik_sheep	ON961656#1#ON961656.1_Sheeppox_virus_Moscow_Russia_2019_ovine	0.00146992	0	9410/10000
MN072630#1#MN072630.1_Sheeppox_virus_Saudi_Arabia_sheep	ON961656#1#ON961656.1_Sheeppox_virus_Moscow_Russia_2019_ovine	0.000708329	0	9709/10000
MN072631#1#MN072631.1_Sheeppox_virus_Turkey_vaccine_sheep	ON961656#1#ON961656.1_Sheeppox_virus_Moscow_Russia_2019_ovine	0.000564635	0	9767/10000
MT137384#1#MT137384.1_Sheeppox_virus_Srinagar_passage_40_vaccine_India_2000_sheep	ON961656#1#ON961656.1_Sheeppox_virus_Moscow_Russia_2019_ovine	0.000397782	0	9835/10000
MW020571#1#MW020571.1_Sheeppox_virus_V104_sheep	ON961656#1#ON961656.1_Sheeppox_virus_Moscow_Russia_2019_ovine	0.000621465	0	9744/10000
MW167070#1#MW167070.1_Sheeppox_virus_V123_IndiaSurankote_2013_sheep	ON961656#1#ON961656.1_Sheeppox_virus_Moscow_Russia_2019_ovine	0.000688433	0	9717/10000
MW167071#1#MW167071.1_Sheeppox_virus_V293_Egypt_2018_sheep	ON961656#1#ON961656.1_Sheeppox_virus_Moscow_Russia_2019_ovine	0.0015143	0	9393/10000
NC_004002#1#NC_004002.1_Sheeppox_virus_17077_99_1970_sheep	ON961656#1#ON961656.1_Sheeppox_virus_Moscow_Russia_2019_ovine	0.0013841	0	9443/10000
ON961655#1#ON961655.1_Sheeppox_virus_Moscow_Russia_2018_ovine	ON961656#1#ON961656.1_Sheeppox_virus_Moscow_Russia_2019_ovine	8.35527e-05	0	9965/10000
ON961656#1#ON961656.1_Sheeppox_virus_Moscow_Russia_2019_ovine	ON961656#1#ON961656.1_Sheeppox_virus_Moscow_Russia_2019_ovine	0	0	10000/10000
ON961657#1#ON961657.1_Sheeppox_virus_Tula_Russia_2019_ovine	ON961656#1#ON961656.1_Sheeppox_virus_Moscow_Russia_2019_ovine	2.62121e-05	0	9989/10000
OQ434235#1#OQ434235.1_Sheeppox_virus_SPPV_Amur_Russia_2018_Russia_2018_Ovine	ON961656#1#ON961656.1_Sheeppox_virus_Moscow_Russia_2019_ovine	0.000966693	0	9606/10000
OQ434236#1#OQ434236.1_Sheeppox_virus_SPPV_Dagestan_Russia_2020_Russia_2020_Ovine	ON961656#1#ON961656.1_Sheeppox_virus_Moscow_Russia_2019_ovine	0.000251985	0	9895/10000
OQ434237#1#OQ434237.1_Sheeppox_virus_SPPV_Kostroma_Russia_2020_Russia_2020_Ovine	ON961656#1#ON961656.1_Sheeppox_virus_Moscow_Russia_2019_ovine	6.91981e-05	0	9971/10000
OQ434238#1#OQ434238.1_Sheeppox_virus_SPPV_Pskov_Russia_2019_Russia_2019_Ovine	ON961656#1#ON961656.1_Sheeppox_virus_Moscow_Russia_2019_ovine	7.39815e-05	0	9969/10000
OQ434239#1#OQ434239.1_Sheeppox_virus_SPPV_Tver_Russia_2019_Russia_2019_Ovine	ON961656#1#ON961656.1_Sheeppox_virus_Moscow_Russia_2019_ovine	7.63738e-05	0	9968/10000
OR239060#1#OR239060.1_Sheeppox_virus_V330_United_Arab_Emirates_2017_sheep	ON961656#1#ON961656.1_Sheeppox_virus_Moscow_Russia_2019_ovine	0.00153261	0	9386/10000
AY077832#1#AY077832.1_Sheeppox_virus_10700_99_TU_V02127_1970_sheep	ON961657#1#ON961657.1_Sheeppox_virus_Tula_Russia_2019_ovine	0.00139189	0	9440/10000
AY077833#1#AY077833.1_Sheeppox_virus_A_1987_sheep	ON961657#1#ON961657.1_Sheeppox_virus_Tula_Russia_2019_ovine	0.000427101	0	9823/10000
AY077834#1#AY077834.1_Sheeppox_virus_NISKHI_1994	ON961657#1#ON961657.1_Sheeppox_virus_Tula_Russia_2019_ovine	0.000547379	0	9774/10000
KT438550#1#KT438550.1_Sheeppox_virus_SPPV_GH_China_11_Apr_2013_Ovis_aries	ON961657#1#ON961657.1_Sheeppox_virus_Tula_Russia_2019_ovine	0.00103764	0	9578/10000
KT438551#1#KT438551.1_Sheeppox_virus_SPPV_GL_China_11_Apr_2013_Ovis_aries	ON961657#1#ON961657.1_Sheeppox_virus_Tula_Russia_2019_ovine	0.00100466	0	9591/10000
MN072626#1#MN072626.1_Sheeppox_virus_Abu_Gharib_Iraq_sheep	ON961657#1#ON961657.1_Sheeppox_virus_Tula_Russia_2019_ovine	0.00212669	0	9163/10000
MN072627#1#MN072627.1_Sheeppox_virus_Saudi_Arabia_vaccine_sheep	ON961657#1#ON961657.1_Sheeppox_virus_Tula_Russia_2019_ovine	0.00214026	0	9158/10000
MN072628#1#MN072628.1_Sheeppox_virus_Nigeria_sheep	ON961657#1#ON961657.1_Sheeppox_virus_Tula_Russia_2019_ovine	0.00181768	0	9278/10000
MN072629#1#MN072629.1_Sheeppox_virus_Pendik_sheep	ON961657#1#ON961657.1_Sheeppox_virus_Tula_Russia_2019_ovine	0.0014647	0	9412/10000
MN072630#1#MN072630.1_Sheeppox_virus_Saudi_Arabia_sheep	ON961657#1#ON961657.1_Sheeppox_virus_Tula_Russia_2019_ovine	0.000715796	0	9706/10000
MN072631#1#MN072631.1_Sheeppox_virus_Turkey_vaccine_sheep	ON961657#1#ON961657.1_Sheeppox_virus_Tula_Russia_2019_ovine	0.000586849	0	9758/10000
MT137384#1#MT137384.1_Sheeppox_virus_Srinagar_passage_40_vaccine_India_2000_sheep	ON961657#1#ON961657.1_Sheeppox_virus_Tula_Russia_2019_ovine	0.000419766	0	9826/10000
MW020571#1#MW020571.1_Sheeppox_virus_V104_sheep	ON961657#1#ON961657.1_Sheeppox_virus_Tula_Russia_2019_ovine	0.000643757	0	9735/10000
MW167070#1#MW167070.1_Sheeppox_virus_V123_IndiaSurankote_2013_sheep	ON961657#1#ON961657.1_Sheeppox_virus_Tula_Russia_2019_ovine	0.000700865	0	9712/10000
MW167071#1#MW167071.1_Sheeppox_virus_V293_Egypt_2018_sheep	ON961657#1#ON961657.1_Sheeppox_virus_Tula_Russia_2019_ovine	0.00151953	0	9391/10000
NC_004002#1#NC_004002.1_Sheeppox_virus_17077_99_1970_sheep	ON961657#1#ON961657.1_Sheeppox_virus_Tula_Russia_2019_ovine	0.00139189	0	9440/10000
ON961655#1#ON961655.1_Sheeppox_virus_Moscow_Russia_2018_ovine	ON961657#1#ON961657.1_Sheeppox_virus_Tula_Russia_2019_ovine	9.07348e-05	0	9962/10000
ON961656#1#ON961656.1_Sheeppox_virus_Moscow_Russia_2019_ovine	ON961657#1#ON961657.1_Sheeppox_virus_Tula_Russia_2019_ovine	2.62121e-05	0	9989/10000
ON961657#1#ON961657.1_Sheeppox_virus_Tula_Russia_2019_ovine	ON961657#1#ON961657.1_Sheeppox_virus_Tula_Russia_2019_ovine	0	0	10000/10000
OQ434235#1#OQ434235.1_Sheeppox_virus_SPPV_Amur_Russia_2018_Russia_2018_Ovine	ON961657#1#ON961657.1_Sheeppox_virus_Tula_Russia_2019_ovine	0.000989465	0	9597/10000
OQ434236#1#OQ434236.1_Sheeppox_virus_SPPV_Dagestan_Russia_2020_Russia_2020_Ovine	ON961657#1#ON961657.1_Sheeppox_virus_Tula_Russia_2019_ovine	0.000259243	0	9892/10000
OQ434237#1#OQ434237.1_Sheeppox_virus_SPPV_Kostroma_Russia_2020_Russia_2020_Ovine	ON961657#1#ON961657.1_Sheeppox_virus_Tula_Russia_2019_ovine	9.07348e-05	0	9962/10000
OQ434238#1#OQ434238.1_Sheeppox_virus_SPPV_Pskov_Russia_2019_Russia_2019_Ovine	ON961657#1#ON961657.1_Sheeppox_virus_Tula_Russia_2019_ovine	7.15897e-05	0	9970/10000
OQ434239#1#OQ434239.1_Sheeppox_virus_SPPV_Tver_Russia_2019_Russia_2019_Ovine	ON961657#1#ON961657.1_Sheeppox_virus_Tula_Russia_2019_ovine	7.39815e-05	0	9969/10000
OR239060#1#OR239060.1_Sheeppox_virus_V330_United_Arab_Emirates_2017_sheep	ON961657#1#ON961657.1_Sheeppox_virus_Tula_Russia_2019_ovine	0.00153784	0	9384/10000
AY077832#1#AY077832.1_Sheeppox_virus_10700_99_TU_V02127_1970_sheep	OQ434235#1#OQ434235.1_Sheeppox_virus_SPPV_Amur_Russia_2018_Russia_2018_Ovine	0.00124207	0	9498/10000
AY077833#1#AY077833.1_Sheeppox_virus_A_1987_sheep	OQ434235#1#OQ434235.1_Sheeppox_virus_SPPV_Amur_Russia_2018_Russia_2018_Ovine	0.000860844	0	9648/10000
AY077834#1#AY077834.1_Sheeppox_virus_NISKHI_1994	OQ434235#1#OQ434235.1_Sheeppox_virus_SPPV_Amur_Russia_2018_Russia_2018_Ovine	0.000830728	0	9660/10000
KT438550#1#KT438550.1_Sheeppox_virus_SPPV_GH_China_11_Apr_2013_Ovis_aries	OQ434235#1#OQ434235.1_Sheeppox_virus_SPPV_Amur_Russia_2018_Russia_2018_Ovine	0.000150712	0	9937/10000
KT438551#1#KT438551.1_Sheeppox_virus_SPPV_GL_China_11_Apr_2013_Ovis_aries	OQ434235#1#OQ434235.1_Sheeppox_virus_SPPV_Amur_Russia_2018_Russia_2018_Ovine	0.000124294	0	9948/10000
MN072626#1#MN072626.1_Sheeppox_virus_Abu_Gharib_Iraq_sheep	OQ434235#1#OQ434235.1_Sheeppox_virus_SPPV_Amur_Russia_2018_Russia_2018_Ovine	0.00199433	0	9212/10000
MN072627#1#MN072627.1_Sheeppox_virus_Saudi_Arabia_vaccine_sheep	OQ434235#1#OQ434235.1_Sheeppox_virus_SPPV_Amur_Russia_2018_Russia_2018_Ovine	0.00199164	0	9213/10000
MN072628#1#MN072628.1_Sheeppox_virus_Nigeria_sheep	OQ434235#1#OQ434235.1_Sheeppox_virus_SPPV_Amur_Russia_2018_Russia_2018_Ovine	0.00169302	0	9325/10000
MN072629#1#MN072629.1_Sheeppox_virus_Pendik_sheep	OQ434235#1#OQ434235.1_Sheeppox_virus_SPPV_Amur_Russia_2018_Russia_2018_Ovine	0.0013349	0	9462/10000
MN072630#1#MN072630.1_Sheeppox_virus_Saudi_Arabia_sheep	OQ434235#1#OQ434235.1_Sheeppox_virus_SPPV_Amur_Russia_2018_Russia_2018_Ovine	0.000986933	0	9598/10000
MN072631#1#MN072631.1_Sheeppox_virus_Turkey_vaccine_sheep	OQ434235#1#OQ434235.1_Sheeppox_virus_SPPV_Amur_Russia_2018_Russia_2018_Ovine	0.000828221	0	9661/10000
MT137384#1#MT137384.1_Sheeppox_virus_Srinagar_passage_40_vaccine_India_2000_sheep	OQ434235#1#OQ434235.1_Sheeppox_virus_SPPV_Amur_Russia_2018_Russia_2018_Ovine	0.000908643	0	9629/10000
MW020571#1#MW020571.1_Sheeppox_virus_V104_sheep	OQ434235#1#OQ434235.1_Sheeppox_virus_SPPV_Amur_Russia_2018_Russia_2018_Ovine	0.000938904	0	9617/10000
MW167070#1#MW167070.1_Sheeppox_virus_V123_IndiaSurankote_2013_sheep	OQ434235#1#OQ434235.1_Sheeppox_virus_SPPV_Amur_Russia_2018_Russia_2018_Ovine	0.000986933	0	9598/10000
MW167071#1#MW167071.1_Sheeppox_virus_V293_Egypt_2018_sheep	OQ434235#1#OQ434235.1_Sheeppox_virus_SPPV_Amur_Russia_2018_Russia_2018_Ovine	0.00137373	0	9447/10000
NC_004002#1#NC_004002.1_Sheeppox_virus_17077_99_1970_sheep	OQ434235#1#OQ434235.1_Sheeppox_virus_SPPV_Amur_Russia_2018_Russia_2018_Ovine	0.00124207	0	9498/10000
ON961655#1#ON961655.1_Sheeppox_virus_Moscow_Russia_2018_ovine	OQ434235#1#OQ434235.1_Sheeppox_virus_SPPV_Amur_Russia_2018_Russia_2018_Ovine	0.00102749	0	9582/10000
ON961656#1#ON961656.1_Sheeppox_virus_Moscow_Russia_2019_ovine	OQ434235#1#OQ434235.1_Sheeppox_virus_SPPV_Amur_Russia_2018_Russia_2018_Ovine	0.000966693	0	9606/10000
ON961657#1#ON961657.1_Sheeppox_virus_Tula_Russia_2019_ovine	OQ434235#1#OQ434235.1_Sheeppox_virus_SPPV_Amur_Russia_2018_Russia_2018_Ovine	0.000989465	0	9597/10000
OQ434235#1#OQ434235.1_Sheeppox_virus_SPPV_Amur_Russia_2018_Russia_2018_Ovine	OQ434235#1#OQ434235.1_Sheeppox_virus_SPPV_Amur_Russia_2018_Russia_2018_Ovine	0	0	10000/10000
OQ434236#1#OQ434236.1_Sheeppox_virus_SPPV_Dagestan_Russia_2020_Russia_2020_Ovine	OQ434235#1#OQ434235.1_Sheeppox_virus_SPPV_Amur_Russia_2018_Russia_2018_Ovine	0.00112677	0	9543/10000
OQ434237#1#OQ434237.1_Sheeppox_virus_SPPV_Kostroma_Russia_2020_Russia_2020_Ovine	OQ434235#1#OQ434235.1_Sheeppox_virus_SPPV_Amur_Russia_2018_Russia_2018_Ovine	0.000938904	0	9617/10000
OQ434238#1#OQ434238.1_Sheeppox_virus_SPPV_Pskov_Russia_2019_Russia_2019_Ovine	OQ434235#1#OQ434235.1_Sheeppox_virus_SPPV_Amur_Russia_2018_Russia_2018_Ovine	0.000946478	0	9614/10000
OQ434239#1#OQ434239.1_Sheeppox_virus_SPPV_Tver_Russia_2019_Russia_2019_Ovine	OQ434235#1#OQ434235.1_Sheeppox_virus_SPPV_Amur_Russia_2018_Russia_2018_Ovine	0.00095153	0	9612/10000
OR239060#1#OR239060.1_Sheeppox_virus_V330_United_Arab_Emirates_2017_sheep	OQ434235#1#OQ434235.1_Sheeppox_virus_SPPV_Amur_Russia_2018_Russia_2018_Ovine	0.00142046	0	9429/10000
AY077832#1#AY077832.1_Sheeppox_virus_10700_99_TU_V02127_1970_sheep	OQ434236#1#OQ434236.1_Sheeppox_virus_SPPV_Dagestan_Russia_2020_Russia_2020_Ovine	0.00151691	0	9392/10000
AY077833#1#AY077833.1_Sheeppox_virus_A_1987_sheep	OQ434236#1#OQ434236.1_Sheeppox_virus_SPPV_Dagestan_Russia_2020_Russia_2020_Ovine	0.000611567	0	9748/10000
AY077834#1#AY077834.1_Sheeppox_virus_NISKHI_1994	OQ434236#1#OQ434236.1_Sheeppox_virus_SPPV_Dagestan_Russia_2020_Russia_2020_Ovine	0.000658635	0	9729/10000
KT438550#1#KT438550.1_Sheeppox_virus_SPPV_GH_China_11_Apr_2013_Ovis_aries	OQ434236#1#OQ434236.1_Sheeppox_virus_SPPV_Dagestan_Russia_2020_Russia_2020_Ovine	0.00118816	0	9519/10000
KT438551#1#KT438551.1_Sheeppox_virus_SPPV_GL_China_11_Apr_2013_Ovis_aries	OQ434236#1#OQ434236.1_Sheeppox_virus_SPPV_Dagestan_Russia_2020_Russia_2020_Ovine	0.00115743	0	9531/10000
MN072626#1#MN072626.1_Sheeppox_virus_Abu_Gharib_Iraq_sheep	OQ434236#1#OQ434236.1_Sheeppox_virus_SPPV_Dagestan_Russia_2020_Russia_2020_Ovine	0.00228746	0	9104/10000
MN072627#1#MN072627.1_Sheeppox_virus_Saudi_Arabia_vaccine_sheep	OQ434236#1#OQ434236.1_Sheeppox_virus_SPPV_Dagestan_Russia_2020_Russia_2020_Ovine	0.00229568	0	9101/10000
MN072628#1#MN072628.1_Sheeppox_virus_Nigeria_sheep	OQ434236#1#OQ434236.1_Sheeppox_virus_SPPV_Dagestan_Russia_2020_Russia_2020_Ovine	0.00194329	0	9231/10000
MN072629#1#MN072629.1_Sheeppox_virus_Pendik_sheep	OQ434236#1#OQ434236.1_Sheeppox_virus_SPPV_Dagestan_Russia_2020_Russia_2020_Ovine	0.00160342	0	9359/10000
MN072630#1#MN072630.1_Sheeppox_virus_Saudi_Arabia_sheep	OQ434236#1#OQ434236.1_Sheeppox_virus_SPPV_Dagestan_Russia_2020_Russia_2020_Ovine	0.000848289	0	9653/10000
MN072631#1#MN072631.1_Sheeppox_virus_Turkey_vaccine_sheep	OQ434236#1#OQ434236.1_Sheeppox_virus_SPPV_Dagestan_Russia_2020_Russia_2020_Ovine	0.000710818	0	9708/10000
MT137384#1#MT137384.1_Sheeppox_virus_Srinagar_passage_40_vaccine_India_2000_sheep	OQ434236#1#OQ434236.1_Sheeppox_virus_SPPV_Dagestan_Russia_2020_Russia_2020_Ovine	0.000574504	0	9763/10000
MW020571#1#MW020571.1_Sheeppox_virus_V104_sheep	OQ434236#1#OQ434236.1_Sheeppox_virus_SPPV_Dagestan_Russia_2020_Russia_2020_Ovine	0.000768164	0	9685/10000
MW167070#1#MW167070.1_Sheeppox_virus_V123_IndiaSurankote_2013_sheep	OQ434236#1#OQ434236.1_Sheeppox_virus_SPPV_Dagestan_Russia_2020_Russia_2020_Ovine	0.000838252	0	9657/10000
MW167071#1#MW167071.1_Sheeppox_virus_V293_Egypt_2018_sheep	OQ434236#1#OQ434236.1_Sheeppox_virus_SPPV_Dagestan_Russia_2020_Russia_2020_Ovine	0.00166926	0	9334/10000
NC_004002#1#NC_004002.1_Sheeppox_virus_17077_99_1970_sheep	OQ434236#1#OQ434236.1_Sheeppox_virus_SPPV_Dagestan_Russia_2020_Russia_2020_Ovine	0.00151691	0	9392/10000
ON961655#1#ON961655.1_Sheeppox_virus_Moscow_Russia_2018_ovine	OQ434236#1#OQ434236.1_Sheeppox_virus_SPPV_Dagestan_Russia_2020_Russia_2020_Ovine	0.000295585	0	9877/10000
ON961656#1#ON961656.1_Sheeppox_virus_Moscow_Russia_2019_ovine	OQ434236#1#OQ434236.1_Sheeppox_virus_SPPV_Dagestan_Russia_2020_Russia_2020_Ovine	0.000251985	0	9895/10000
ON961657#1#ON961657.1_Sheeppox_virus_Tula_Russia_2019_ovine	OQ434236#1#OQ434236.1_Sheeppox_virus_SPPV_Dagestan_Russia_2020_Russia_2020_Ovine	0.000259243	0	9892/10000
OQ434235#1#OQ434235.1_Sheeppox_virus_SPPV_Amur_Russia_2018_Russia_2018_Ovine	OQ434236#1#OQ434236.1_Sheeppox_virus_SPPV_Dagestan_Russia_2020_Russia_2020_Ovine	0.00112677	0	9543/10000
OQ434236#1#OQ434236.1_Sheeppox_virus_SPPV_Dagestan_Russia_2020_Russia_2020_Ovine	OQ434236#1#OQ434236.1_Sheeppox_virus_SPPV_Dagestan_Russia_2020_Russia_2020_Ovine	0	0	10000/10000
OQ434237#1#OQ434237.1_Sheeppox_virus_SPPV_Kostroma_Russia_2020_Russia_2020_Ovine	OQ434236#1#OQ434236.1_Sheeppox_virus_SPPV_Dagestan_Russia_2020_Russia_2020_Ovine	0.000222984	0	9907/10000
OQ434238#1#OQ434238.1_Sheeppox_virus_SPPV_Pskov_Russia_2019_Russia_2019_Ovine	OQ434236#1#OQ434236.1_Sheeppox_virus_SPPV_Dagestan_Russia_2020_Russia_2020_Ovine	0.000213329	0	9911/10000
OQ434239#1#OQ434239.1_Sheeppox_virus_SPPV_Tver_Russia_2019_Russia_2019_Ovine	OQ434236#1#OQ434236.1_Sheeppox_virus_SPPV_Dagestan_Russia_2020_Russia_2020_Ovine	0.00022057	0	9908/10000
OR239060#1#OR239060.1_Sheeppox_virus_V330_United_Arab_Emirates_2017_sheep	OQ434236#1#OQ434236.1_Sheeppox_virus_SPPV_Dagestan_Russia_2020_Russia_2020_Ovine	0.00166398	0	9336/10000
AY077832#1#AY077832.1_Sheeppox_virus_10700_99_TU_V02127_1970_sheep	OQ434237#1#OQ434237.1_Sheeppox_virus_SPPV_Kostroma_Russia_2020_Russia_2020_Ovine	0.0013556	0	9454/10000
AY077833#1#AY077833.1_Sheeppox_virus_A_1987_sheep	OQ434237#1#OQ434237.1_Sheeppox_virus_SPPV_Kostroma_Russia_2020_Russia_2020_Ovine	0.000444229	0	9816/10000
AY077834#1#AY077834.1_Sheeppox_virus_NISKHI_1994	OQ434237#1#OQ434237.1_Sheeppox_virus_SPPV_Kostroma_Russia_2020_Russia_2020_Ovine	0.000495721	0	9795/10000
KT438550#1#KT438550.1_Sheeppox_virus_SPPV_GH_China_11_Apr_2013_Ovis_aries	OQ434237#1#OQ434237.1_Sheeppox_virus_SPPV_Kostroma_Russia_2020_Russia_2020_Ovine	0.00099453	0	9595/10000
KT438551#1#KT438551.1_Sheeppox_virus_SPPV_GL_China_11_Apr_2013_Ovis_aries	OQ434237#1#OQ434237.1_Sheeppox_virus_SPPV_Kostroma_Russia_2020_Russia_2020_Ovine	0.000961637	0	9608/10000
MN072626#1#MN072626.1_Sheeppox_virus_Abu_Gharib_Iraq_sheep	OQ434237#1#OQ434237.1_Sheeppox_virus_SPPV_Kostroma_Russia_2020_Russia_2020_Ovine	0.00211043	0	9169/10000
MN072627#1#MN072627.1_Sheeppox_virus_Saudi_Arabia_vaccine_sheep	OQ434237#1#OQ434237.1_Sheeppox_virus_SPPV_Kostroma_Russia_2020_Russia_2020_Ovine	0.0021294	0	9162/10000
MN072628#1#MN072628.1_Sheeppox_virus_Nigeria_sheep	OQ434237#1#OQ434237.1_Sheeppox_virus_SPPV_Kostroma_Russia_2020_Russia_2020_Ovine	0.00179374	0	9287/10000
MN072629#1#MN072629.1_Sheeppox_virus_Pendik_sheep	OQ434237#1#OQ434237.1_Sheeppox_virus_SPPV_Kostroma_Russia_2020_Russia_2020_Ovine	0.00143866	0	9422/10000
MN072630#1#MN072630.1_Sheeppox_virus_Saudi_Arabia_sheep	OQ434237#1#OQ434237.1_Sheeppox_virus_SPPV_Kostroma_Russia_2020_Russia_2020_Ovine	0.000688433	0	9717/10000
MN072631#1#MN072631.1_Sheeppox_virus_Turkey_vaccine_sheep	OQ434237#1#OQ434237.1_Sheeppox_virus_SPPV_Kostroma_Russia_2020_Russia_2020_Ovine	0.000544916	0	9775/10000
MT137384#1#MT137384.1_Sheeppox_virus_Srinagar_passage_40_vaccine_India_2000_sheep	OQ434237#1#OQ434237.1_Sheeppox_virus_SPPV_Kostroma_Russia_2020_Russia_2020_Ovine	0.000397782	0	9835/10000
MW020571#1#MW020571.1_Sheeppox_virus_V104_sheep	OQ434237#1#OQ434237.1_Sheeppox_virus_SPPV_Kostroma_Russia_2020_Russia_2020_Ovine	0.000601675	0	9752/10000
MW167070#1#MW167070.1_Sheeppox_virus_V123_IndiaSurankote_2013_sheep	OQ434237#1#OQ434237.1_Sheeppox_virus_SPPV_Kostroma_Russia_2020_Russia_2020_Ovine	0.000668562	0	9725/10000
MW167071#1#MW167071.1_Sheeppox_virus_V293_Egypt_2018_sheep	OQ434237#1#OQ434237.1_Sheeppox_virus_SPPV_Kostroma_Russia_2020_Russia_2020_Ovine	0.00148296	0	9405/10000
NC_004002#1#NC_004002.1_Sheeppox_virus_17077_99_1970_sheep	OQ434237#1#OQ434237.1_Sheeppox_virus_SPPV_Kostroma_Russia_2020_Russia_2020_Ovine	0.0013556	0	9454/10000
ON961655#1#ON961655.1_Sheeppox_virus_Moscow_Russia_2018_ovine	OQ434237#1#OQ434237.1_Sheeppox_virus_SPPV_Kostroma_Russia_2020_Russia_2020_Ovine	0.000124294	0	9948/10000
ON961656#1#ON961656.1_Sheeppox_virus_Moscow_Russia_2019_ovine	OQ434237#1#OQ434237.1_Sheeppox_virus_SPPV_Kostroma_Russia_2020_Russia_2020_Ovine	6.91981e-05	0	9971/10000
ON961657#1#ON961657.1_Sheeppox_virus_Tula_Russia_2019_ovine	OQ434237#1#OQ434237.1_Sheeppox_virus_SPPV_Kostroma_Russia_2020_Russia_2020_Ovine	9.07348e-05	0	9962/10000
OQ434235#1#OQ434235.1_Sheeppox_virus_SPPV_Amur_Russia_2018_Russia_2018_Ovine	OQ434237#1#OQ434237.1_Sheeppox_virus_SPPV_Kostroma_Russia_2020_Russia_2020_Ovine	0.000938904	0	9617/10000
OQ434236#1#OQ434236.1_Sheeppox_virus_SPPV_Dagestan_Russia_2020_Russia_2020_Ovine	OQ434237#1#OQ434237.1_Sheeppox_virus_SPPV_Kostroma_Russia_2020_Russia_2020_Ovine	0.000222984	0	9907/10000
OQ434237#1#OQ434237.1_Sheeppox_virus_SPPV_Kostroma_Russia_2020_Russia_2020_Ovine	OQ434237#1#OQ434237.1_Sheeppox_virus_SPPV_Kostroma_Russia_2020_Russia_2020_Ovine	0	0	10000/10000
OQ434238#1#OQ434238.1_Sheeppox_virus_SPPV_Pskov_Russia_2019_Russia_2019_Ovine	OQ434237#1#OQ434237.1_Sheeppox_virus_SPPV_Kostroma_Russia_2020_Russia_2020_Ovine	2.38274e-05	0	9990/10000
OQ434239#1#OQ434239.1_Sheeppox_virus_SPPV_Tver_Russia_2019_Russia_2019_Ovine	OQ434237#1#OQ434237.1_Sheeppox_virus_SPPV_Kostroma_Russia_2020_Russia_2020_Ovine	3.09826e-05	0	9987/10000
OR239060#1#OR239060.1_Sheeppox_virus_V330_United_Arab_Emirates_2017_sheep	OQ434237#1#OQ434237.1_Sheeppox_virus_SPPV_Kostroma_Russia_2020_Russia_2020_Ovine	0.00150123	0	9398/10000
AY077832#1#AY077832.1_Sheeppox_virus_10700_99_TU_V02127_1970_sheep	OQ434238#1#OQ434238.1_Sheeppox_virus_SPPV_Pskov_Russia_2019_Russia_2019_Ovine	0.00135042	0	9456/10000
AY077833#1#AY077833.1_Sheeppox_virus_A_1987_sheep	OQ434238#1#OQ434238.1_Sheeppox_virus_SPPV_Pskov_Russia_2019_Russia_2019_Ovine	0.000444229	0	9816/10000
AY077834#1#AY077834.1_Sheeppox_virus_NISKHI_1994	OQ434238#1#OQ434238.1_Sheeppox_virus_SPPV_Pskov_Russia_2019_Russia_2019_Ovine	0.000503091	0	9792/10000
KT438550#1#KT438550.1_Sheeppox_virus_SPPV_GH_China_11_Apr_2013_Ovis_aries	OQ434238#1#OQ434238.1_Sheeppox_virus_SPPV_Pskov_Russia_2019_Russia_2019_Ovine	0.000999596	0	9593/10000
KT438551#1#KT438551.1_Sheeppox_virus_SPPV_GL_China_11_Apr_2013_Ovis_aries	OQ434238#1#OQ434238.1_Sheeppox_virus_SPPV_Pskov_Russia_2019_Russia_2019_Ovine	0.000966693	0	9606/10000
MN072626#1#MN072626.1_Sheeppox_virus_Abu_Gharib_Iraq_sheep	OQ434238#1#OQ434238.1_Sheeppox_virus_SPPV_Pskov_Russia_2019_Russia_2019_Ovine	0.00210772	0	9170/10000
MN072627#1#MN072627.1_Sheeppox_virus_Saudi_Arabia_vaccine_sheep	OQ434238#1#OQ434238.1_Sheeppox_virus_SPPV_Pskov_Russia_2019_Russia_2019_Ovine	0.00211856	0	9166/10000
MN072628#1#MN072628.1_Sheeppox_virus_Nigeria_sheep	OQ434238#1#OQ434238.1_Sheeppox_virus_SPPV_Pskov_Russia_2019_Russia_2019_Ovine	0.00178842	0	9289/10000
MN072629#1#MN072629.1_Sheeppox_virus_Pendik_sheep	OQ434238#1#OQ434238.1_Sheeppox_virus_SPPV_Pskov_Russia_2019_Russia_2019_Ovine	0.00142566	0	9427/10000
MN072630#1#MN072630.1_Sheeppox_virus_Saudi_Arabia_sheep	OQ434238#1#OQ434238.1_Sheeppox_virus_SPPV_Pskov_Russia_2019_Russia_2019_Ovine	0.000678494	0	9721/10000
MN072631#1#MN072631.1_Sheeppox_virus_Turkey_vaccine_sheep	OQ434238#1#OQ434238.1_Sheeppox_virus_SPPV_Pskov_Russia_2019_Russia_2019_Ovine	0.000549843	0	9773/10000
MT137384#1#MT137384.1_Sheeppox_virus_Srinagar_passage_40_vaccine_India_2000_sheep	OQ434238#1#OQ434238.1_Sheeppox_virus_SPPV_Pskov_Russia_2019_Russia_2019_Ovine	0.000397782	0	9835/10000
MW020571#1#MW020571.1_Sheeppox_virus_V104_sheep	OQ434238#1#OQ434238.1_Sheeppox_virus_SPPV_Pskov_Russia_2019_Russia_2019_Ovine	0.00060662	0	9750/10000
MW167070#1#MW167070.1_Sheeppox_virus_V123_IndiaSurankote_2013_sheep	OQ434238#1#OQ434238.1_Sheeppox_virus_SPPV_Pskov_Russia_2019_Russia_2019_Ovine	0.000668562	0	9725/10000
MW167071#1#MW167071.1_Sheeppox_virus_V293_Egypt_2018_sheep	OQ434238#1#OQ434238.1_Sheeppox_virus_SPPV_Pskov_Russia_2019_Russia_2019_Ovine	0.00147252	0	9409/10000
NC_004002#1#NC_004002.1_Sheeppox_virus_17077_99_1970_sheep	OQ434238#1#OQ434238.1_Sheeppox_virus_SPPV_Pskov_Russia_2019_Russia_2019_Ovine	0.00135042	0	9456/10000
ON961655#1#ON961655.1_Sheeppox_virus_Moscow_Russia_2018_ovine	OQ434238#1#OQ434238.1_Sheeppox_virus_SPPV_Pskov_Russia_2019_Russia_2019_Ovine	0.000114699	0	9952/10000
ON961656#1#ON961656.1_Sheeppox_virus_Moscow_Russia_2019_ovine	OQ434238#1#OQ434238.1_Sheeppox_virus_SPPV_Pskov_Russia_2019_Russia_2019_Ovine	7.39815e-05	0	9969/10000
ON961657#1#ON961657.1_Sheeppox_virus_Tula_Russia_2019_ovine	OQ434238#1#OQ434238.1_Sheeppox_virus_SPPV_Pskov_Russia_2019_Russia_2019_Ovine	7.15897e-05	0	9970/10000
OQ434235#1#OQ434235.1_Sheeppox_virus_SPPV_Amur_Russia_2018_Russia_2018_Ovine	OQ434238#1#OQ434238.1_Sheeppox_virus_SPPV_Pskov_Russia_2019_Russia_2019_Ovine	0.000946478	0	9614/10000
OQ434236#1#OQ434236.1_Sheeppox_virus_SPPV_Dagestan_Russia_2020_Russia_2020_Ovine	OQ434238#1#OQ434238.1_Sheeppox_virus_SPPV_Pskov_Russia_2019_Russia_2019_Ovine	0.000213329	0	9911/10000
OQ434237#1#OQ434237.1_Sheeppox_virus_SPPV_Kostroma_Russia_2020_Russia_2020_Ovine	OQ434238#1#OQ434238.1_Sheeppox_virus_SPPV_Pskov_Russia_2019_Russia_2019_Ovine	2.38274e-05	0	9990/10000
OQ434238#1#OQ434238.1_Sheeppox_virus_SPPV_Pskov_Russia_2019_Russia_2019_Ovine	OQ434238#1#OQ434238.1_Sheeppox_virus_SPPV_Pskov_Russia_2019_Russia_2019_Ovine	0	0	10000/10000
OQ434239#1#OQ434239.1_Sheeppox_virus_SPPV_Tver_Russia_2019_Russia_2019_Ovine	OQ434238#1#OQ434238.1_Sheeppox_virus_SPPV_Pskov_Russia_2019_Russia_2019_Ovine	7.14446e-06	0	9997/10000
OR239060#1#OR239060.1_Sheeppox_virus_V330_United_Arab_Emirates_2017_sheep	OQ434238#1#OQ434238.1_Sheeppox_virus_SPPV_Pskov_Russia_2019_Russia_2019_Ovine	0.00149601	0	9400/10000
AY077832#1#AY077832.1_Sheeppox_virus_10700_99_TU_V02127_1970_sheep	OQ434239#1#OQ434239.1_Sheeppox_virus_SPPV_Tver_Russia_2019_Russia_2019_Ovine	0.00135819	0	9453/10000
AY077833#1#AY077833.1_Sheeppox_virus_A_1987_sheep	OQ434239#1#OQ434239.1_Sheeppox_virus_SPPV_Tver_Russia_2019_Russia_2019_Ovine	0.000446677	0	9815/10000
AY077834#1#AY077834.1_Sheeppox_virus_NISKHI_1994	OQ434239#1#OQ434239.1_Sheeppox_virus_SPPV_Tver_Russia_2019_Russia_2019_Ovine	0.000508006	0	9790/10000
KT438550#1#KT438550.1_Sheeppox_virus_SPPV_GH_China_11_Apr_2013_Ovis_aries	OQ434239#1#OQ434239.1_Sheeppox_virus_SPPV_Tver_Russia_2019_Russia_2019_Ovine	0.0010072	0	9590/10000
KT438551#1#KT438551.1_Sheeppox_virus_SPPV_GL_China_11_Apr_2013_Ovis_aries	OQ434239#1#OQ434239.1_Sheeppox_virus_SPPV_Tver_Russia_2019_Russia_2019_Ovine	0.00097428	0	9603/10000
MN072626#1#MN072626.1_Sheeppox_virus_Abu_Gharib_Iraq_sheep	OQ434239#1#OQ434239.1_Sheeppox_virus_SPPV_Tver_Russia_2019_Russia_2019_Ovine	0.00211043	0	9169/10000
MN072627#1#MN072627.1_Sheeppox_virus_Saudi_Arabia_vaccine_sheep	OQ434239#1#OQ434239.1_Sheeppox_virus_SPPV_Tver_Russia_2019_Russia_2019_Ovine	0.00212127	0	9165/10000
MN072628#1#MN072628.1_Sheeppox_virus_Nigeria_sheep	OQ434239#1#OQ434239.1_Sheeppox_virus_SPPV_Tver_Russia_2019_Russia_2019_Ovine	0.0017964	0	9286/10000
MN072629#1#MN072629.1_Sheeppox_virus_Pendik_sheep	OQ434239#1#OQ434239.1_Sheeppox_virus_SPPV_Tver_Russia_2019_Russia_2019_Ovine	0.00143086	0	9425/10000
MN072630#1#MN072630.1_Sheeppox_virus_Saudi_Arabia_sheep	OQ434239#1#OQ434239.1_Sheeppox_virus_SPPV_Tver_Russia_2019_Russia_2019_Ovine	0.000685948	0	9718/10000
MN072631#1#MN072631.1_Sheeppox_virus_Turkey_vaccine_sheep	OQ434239#1#OQ434239.1_Sheeppox_virus_SPPV_Tver_Russia_2019_Russia_2019_Ovine	0.000557238	0	9770/10000
MT137384#1#MT137384.1_Sheeppox_virus_Srinagar_passage_40_vaccine_India_2000_sheep	OQ434239#1#OQ434239.1_Sheeppox_virus_SPPV_Tver_Russia_2019_Russia_2019_Ovine	0.000400223	0	9834/10000
MW020571#1#MW020571.1_Sheeppox_virus_V104_sheep	OQ434239#1#OQ434239.1_Sheeppox_virus_SPPV_Tver_Russia_2019_Russia_2019_Ovine	0.000614041	0	9747/10000
MW167070#1#MW167070.1_Sheeppox_virus_V123_IndiaSurankote_2013_sheep	OQ434239#1#OQ434239.1_Sheeppox_virus_SPPV_Tver_Russia_2019_Russia_2019_Ovine	0.000676011	0	9722/10000
MW167071#1#MW167071.1_Sheeppox_virus_V293_Egypt_2018_sheep	OQ434239#1#OQ434239.1_Sheeppox_virus_SPPV_Tver_Russia_2019_Russia_2019_Ovine	0.00148035	0	9406/10000
NC_004002#1#NC_004002.1_Sheeppox_virus_17077_99_1970_sheep	OQ434239#1#OQ434239.1_Sheeppox_virus_SPPV_Tver_Russia_2019_Russia_2019_Ovine	0.00135819	0	9453/10000
ON961655#1#ON961655.1_Sheeppox_virus_Moscow_Russia_2018_ovine	OQ434239#1#OQ434239.1_Sheeppox_virus_SPPV_Tver_Russia_2019_Russia_2019_Ovine	0.000117097	0	9951/10000
ON961656#1#ON961656.1_Sheeppox_virus_Moscow_Russia_2019_ovine	OQ434239#1#OQ434239.1_Sheeppox_virus_SPPV_Tver_Russia_2019_Russia_2019_Ovine	7.63738e-05	0	9968/10000
ON961657#1#ON961657.1_Sheeppox_virus_Tula_Russia_2019_ovine	OQ434239#1#OQ434239.1_Sheeppox_virus_SPPV_Tver_Russia_2019_Russia_2019_Ovine	7.39815e-05	0	9969/10000
OQ434235#1#OQ434235.1_Sheeppox_virus_SPPV_Amur_Russia_2018_Russia_2018_Ovine	OQ434239#1#OQ434239.1_Sheeppox_virus_SPPV_Tver_Russia_2019_Russia_2019_Ovine	0.00095153	0	9612/10000
OQ434236#1#OQ434236.1_Sheeppox_virus_SPPV_Dagestan_Russia_2020_Russia_2020_Ovine	OQ434239#1#OQ434239.1_Sheeppox_virus_SPPV_Tver_Russia_2019_Russia_2019_Ovine	0.00022057	0	9908/10000
OQ434237#1#OQ434237.1_Sheeppox_virus_SPPV_Kostroma_Russia_2020_Russia_2020_Ovine	OQ434239#1#OQ434239.1_Sheeppox_virus_SPPV_Tver_Russia_2019_Russia_2019_Ovine	3.09826e-05	0	9987/10000
OQ434238#1#OQ434238.1_Sheeppox_virus_SPPV_Pskov_Russia_2019_Russia_2019_Ovine	OQ434239#1#OQ434239.1_Sheeppox_virus_SPPV_Tver_Russia_2019_Russia_2019_Ovine	7.14446e-06	0	9997/10000
OQ434239#1#OQ434239.1_Sheeppox_virus_SPPV_Tver_Russia_2019_Russia_2019_Ovine	OQ434239#1#OQ434239.1_Sheeppox_virus_SPPV_Tver_Russia_2019_Russia_2019_Ovine	0	0	10000/10000
OR239060#1#OR239060.1_Sheeppox_virus_V330_United_Arab_Emirates_2017_sheep	OQ434239#1#OQ434239.1_Sheeppox_virus_SPPV_Tver_Russia_2019_Russia_2019_Ovine	0.00150384	0	9397/10000
AY077832#1#AY077832.1_Sheeppox_virus_10700_99_TU_V02127_1970_sheep	OR239060#1#OR239060.1_Sheeppox_virus_V330_United_Arab_Emirates_2017_sheep	0.000628892	0	9741/10000
AY077833#1#AY077833.1_Sheeppox_virus_A_1987_sheep	OR239060#1#OR239060.1_Sheeppox_virus_V330_United_Arab_Emirates_2017_sheep	0.00131164	0	9471/10000
AY077834#1#AY077834.1_Sheeppox_virus_NISKHI_1994	OR239060#1#OR239060.1_Sheeppox_virus_V330_United_Arab_Emirates_2017_sheep	0.00137114	0	9448/10000
KT438550#1#KT438550.1_Sheeppox_virus_SPPV_GH_China_11_Apr_2013_Ovis_aries	OR239060#1#OR239060.1_Sheeppox_virus_V330_United_Arab_Emirates_2017_sheep	0.00132456	0	9466/10000
KT438551#1#KT438551.1_Sheeppox_virus_SPPV_GL_China_11_Apr_2013_Ovis_aries	OR239060#1#OR239060.1_Sheeppox_virus_V330_United_Arab_Emirates_2017_sheep	0.00131164	0	9471/10000
MN072626#1#MN072626.1_Sheeppox_virus_Abu_Gharib_Iraq_sheep	OR239060#1#OR239060.1_Sheeppox_virus_V330_United_Arab_Emirates_2017_sheep	0.00222461	0	9127/10000
MN072627#1#MN072627.1_Sheeppox_virus_Saudi_Arabia_vaccine_sheep	OR239060#1#OR239060.1_Sheeppox_virus_V330_United_Arab_Emirates_2017_sheep	0.00224644	0	9119/10000
MN072628#1#MN072628.1_Sheeppox_virus_Nigeria_sheep	OR239060#1#OR239060.1_Sheeppox_virus_V330_United_Arab_Emirates_2017_sheep	0.00160079	0	9360/10000
MN072629#1#MN072629.1_Sheeppox_virus_Pendik_sheep	OR239060#1#OR239060.1_Sheeppox_virus_V330_United_Arab_Emirates_2017_sheep	0.000643757	0	9735/10000
MN072630#1#MN072630.1_Sheeppox_virus_Saudi_Arabia_sheep	OR239060#1#OR239060.1_Sheeppox_virus_V330_United_Arab_Emirates_2017_sheep	0.00142826	0	9426/10000
MN072631#1#MN072631.1_Sheeppox_virus_Turkey_vaccine_sheep	OR239060#1#OR239060.1_Sheeppox_virus_V330_United_Arab_Emirates_2017_sheep	0.00129874	0	9476/10000
MT137384#1#MT137384.1_Sheeppox_virus_Srinagar_passage_40_vaccine_India_2000_sheep	OR239060#1#OR239060.1_Sheeppox_virus_V330_United_Arab_Emirates_2017_sheep	0.00138151	0	9444/10000
MW020571#1#MW020571.1_Sheeppox_virus_V104_sheep	OR239060#1#OR239060.1_Sheeppox_virus_V330_United_Arab_Emirates_2017_sheep	0.0013556	0	9454/10000
MW167070#1#MW167070.1_Sheeppox_virus_V123_IndiaSurankote_2013_sheep	OR239060#1#OR239060.1_Sheeppox_virus_V330_United_Arab_Emirates_2017_sheep	0.00143346	0	9424/10000
MW167071#1#MW167071.1_Sheeppox_virus_V293_Egypt_2018_sheep	OR239060#1#OR239060.1_Sheeppox_virus_V330_United_Arab_Emirates_2017_sheep	0.000700865	0	9712/10000
NC_004002#1#NC_004002.1_Sheeppox_virus_17077_99_1970_sheep	OR239060#1#OR239060.1_Sheeppox_virus_V330_United_Arab_Emirates_2017_sheep	0.000628892	0	9741/10000
ON961655#1#ON961655.1_Sheeppox_virus_Moscow_Russia_2018_ovine	OR239060#1#OR239060.1_Sheeppox_virus_V330_United_Arab_Emirates_2017_sheep	0.00148035	0	9406/10000
ON961656#1#ON961656.1_Sheeppox_virus_Moscow_Russia_2019_ovine	OR239060#1#OR239060.1_Sheeppox_virus_V330_United_Arab_Emirates_2017_sheep	0.00153261	0	9386/10000
ON961657#1#ON961657.1_Sheeppox_virus_Tula_Russia_2019_ovine	OR239060#1#OR239060.1_Sheeppox_virus_V330_United_Arab_Emirates_2017_sheep	0.00153784	0	9384/10000
OQ434235#1#OQ434235.1_Sheeppox_virus_SPPV_Amur_Russia_2018_Russia_2018_Ovine	OR239060#1#OR239060.1_Sheeppox_virus_V330_United_Arab_Emirates_2017_sheep	0.00142046	0	9429/10000
OQ434236#1#OQ434236.1_Sheeppox_virus_SPPV_Dagestan_Russia_2020_Russia_2020_Ovine	OR239060#1#OR239060.1_Sheeppox_virus_V330_United_Arab_Emirates_2017_sheep	0.00166398	0	9336/10000
OQ434237#1#OQ434237.1_Sheeppox_virus_SPPV_Kostroma_Russia_2020_Russia_2020_Ovine	OR239060#1#OR239060.1_Sheeppox_virus_V330_United_Arab_Emirates_2017_sheep	0.00150123	0	9398/10000
OQ434238#1#OQ434238.1_Sheeppox_virus_SPPV_Pskov_Russia_2019_Russia_2019_Ovine	OR239060#1#OR239060.1_Sheeppox_virus_V330_United_Arab_Emirates_2017_sheep	0.00149601	0	9400/10000
OQ434239#1#OQ434239.1_Sheeppox_virus_SPPV_Tver_Russia_2019_Russia_2019_Ovine	OR239060#1#OR239060.1_Sheeppox_virus_V330_United_Arab_Emirates_2017_sheep	0.00150384	0	9397/10000
OR239060#1#OR239060.1_Sheeppox_virus_V330_United_Arab_Emirates_2017_sheep	OR239060#1#OR239060.1_Sheeppox_virus_V330_United_Arab_Emirates_2017_sheep	0	0	10000/10000
